name,id
Peter Bonerz,0
Claire Denis,1
Keith Fulton,2
Annabel Jankel,3
Henry Alex Rubin,4
Chris Butler,5
Sebastián Cordero,6
Louis Morneau,7
Virginie Despentes,8
Adrienne Shelly,9
Keanu Reeves,10
John Byrum,11
Jeff Wadlow,12
Joe Pytka,13
Yasujirō Ozu,14
David S. Goyer,15
James Whale,16
John Stainton,17
Koji Hashimoto,18
Chris Bell,19
Simon Hunter,20
Cem Yılmaz,21
Adam Brooks,22
Lawrence Guterman,23
Andrew Gallerani,24
Bill Forsyth,25
Ilmar Raag,26
Donald Petrie,27
Victor Sjöström,28
Daniel J. Sullivan,29
William Phelps,30
Ronald Neame,31
Miloš Forman,32
Tony Goldwyn,33
Luc Besson,34
Glen Goei,35
Chris Kentis,36
Adam Del Deo,37
Peter Avanzino,38
Cary Fukunaga,39
Nora Ephron,40
Dan St. Pierre,41
Simon Curtis,42
Audrey Wells,43
Martin Rosen,44
Léa Pool,45
Jack Pollexfen,46
Benoît Poelvoorde,47
Matty Rich,48
George Englund,49
Brett Ratner,50
Carlos Saura,51
Shan Nicholson,52
Hoyt Yeatman,53
Mark Tarlov,54
David Mirkin,55
Burak Aksak,56
Tim Hetherington,57
Max Mayer,58
Herschell Gordon Lewis,59
Ric Roman Waugh,60
Muffie Meyer,61
Cameron Crowe,62
Gene Kelly,63
Mac Carter,64
Graeme Clifford,65
Dominik Moll,66
Matt Reeves,67
Fred Wolf,68
Jeffrey Blitz,69
Park Chan-wook,70
Krzysztof Kieślowski,71
Brian Henson,72
Bryan Gordon,73
Bill L. Norton,74
Bruce Joel Rubin,75
Declan Lowney,76
Peter Chelsom,77
John Hughes,78
David Van Taylor,79
Frank Perry,80
Sebastian Schipper,81
John Michael McDonagh,82
Bob Odenkirk,83
Jake Schreier,84
Ron Nyswaner,85
Brian Trenchard-Smith,86
Steve McQueen,87
Teddy Newton,88
Joan Sekler,89
Jake Szymanski,90
Scott McGehee,91
Robert Kaylor,92
Nobuhiro Yamashita,93
John Poliquin,94
David Lynch,95
Pierre Coffin,96
Stephen Gaghan,97
Robert Kurtzman,98
Franny Armstrong,99
Alan Mehrez,100
Jean Cocteau,101
W.D. Richter,102
Zalman King,103
George Butler,104
Robert Kenner,105
Brad Copeland,106
Jim Field Smith,107
Greg Berlanti,108
Crystal Moselle,109
Michael Schultz,110
Joel Anderson,111
Christian Carion,112
Don Roos,113
Mike Cahill,114
Shinsuke Sato,115
Dean Semler,116
Akiva Goldsman,117
William Roberts,118
Cody Cameron,119
Richard Thorpe,120
Juan José Campanella,121
Claude Zidi,122
Peter Sollett,123
George Gallo,124
Daniel Pyne,125
Peter Wintonick,126
Phil Dorling,127
Richard Benjamin,128
Frank Tashlin,129
Giuliano Montaldo,130
Brian Percival,131
Mark Illsley,132
Jamie Travis,133
Victor Saville,134
Marie Pérennou,135
Bob Logan,136
Marleen Gorris,137
Paul Morrissey,138
Alejandro Jodorowsky,139
Julien Maury,140
Dave Thomas,141
David Cronenberg,142
Rufus Norris,143
Harry L. Fraser,144
Fred Zinnemann,145
Mark Palansky,146
James Bobin,147
Dwight H. Little,148
Mark Levin,149
Jean-Marie Poiré,150
James Mather,151
Luis Llosa,152
Robert Barry Ptolemy,153
Jacques Perrin,154
Dana Adam Shapiro,155
Hal Ashby,156
Niki Caro,157
Shannon Hartman,158
Roy Rowland,159
Bille Woodruff,160
Laurie Gwen Shapiro,161
Luke Greenfield,162
Robert Meyer Burnett,163
Rocco Urbisci,164
Vondie Curtis-Hall,165
John Murlowski,166
Cyril Frankel,167
Peter Duffell,168
Chris Nahon,169
Tyler Perry,170
Garry Marshall,171
Justine Shapiro,172
Lee Kirk,173
Ramón Menéndez,174
Stuart Samuels,175
Greg 'Freddy' Camalier,176
David Shapiro,177
Daniel Grou,178
Chatrichalerm Yukol,179
Marcus Nispel,180
Andrew R. Jones,181
James Bridges,182
William Nicholson,183
Carl Deal,184
Makoto Shinkai,185
William A. Seiter,186
Tatsuya Ishihara,187
Kevin Reynolds,188
Aviva Kempner,189
Wolfgang Petersen,190
Iain Softley,191
Chi Muoi Lo,192
Paul Michael Glaser,193
Bob Giraldi,194
Richard Ray Perez,195
Chris Hegedus,196
Gabriele Muccino,197
Peter Lord,198
Louise Osmond,199
Ethan Hawke,200
Patrik Forsberg,201
Marc Rothemund,202
Keenen Ivory Wayans,203
Tibor Takács,204
Steve Hickner,205
Bruno Podalydès,206
Wong Kar-wai,207
Victor Salva,208
Maurice Joyce,209
Roger Allers,210
Petter Næss,211
Rod Hardy,212
Mark Joffe,213
Gérard Krawczyk,214
Andrew Leman,215
Yoshihiro Nishimura,216
Harry Lachman,217
Rex Ingram,218
Jack Couffer,219
Vicky Jenson,220
Rusty Cundieff,221
Rolf de Heer,222
David Pastor,223
Scott Hillenbrand,224
Yasunori Ide,225
David Carson,226
Brian Yuzna,227
Martin Ritt,228
John Cameron Mitchell,229
Robin Hardy,230
Damiano Damiani,231
Joshua Meador,232
Wes Ball,233
Victor Nunez,234
Joel Gallen,235
Shane Carruth,236
Sylvain White,237
Bo Welch,238
Richard Schenkman,239
Gary Oldman,240
Crispian Mills,241
Pupi Avati,242
Paul McCartney,243
Matthew Robinson,244
João Jardim,245
Thor Freudenthal,246
Charley Rogers,247
Fenton Bailey,248
Robert Gordon,249
Richard Kwietniowski,250
Chris Fiore,251
Sheldon Lettich,252
Robert Mulligan,253
John Crowley,254
Félix Sabroso,255
David O. Russell,256
Lee Unkrich,257
James Toback,258
Goro Miyazaki,259
Luc Dardenne,260
Jeffrey Donovan,261
José Padilha,262
Sarah Price,263
Linda Mendoza,264
Oz Perkins,265
Neil Jordan,266
Terrence Malick,267
Norman Ferguson,268
Sean Durkin,269
Adam Bernstein,270
Michael Benveniste,271
Chris Renaud,272
Paul Cox,273
Ida Lupino,274
David Atkins,275
Paolo Taviani,276
Joel Bender,277
Paolo Genovese,278
Giancarlo Lui,279
John Patrick Shanley,280
Kurt Engfehr,281
Allan A. Goldstein,282
Shona Auerbach,283
Matt Maiellaro,284
Brad Lewis,285
Rupert Wainwright,286
Robert Enrico,287
Rob Spera,288
Joe Lynch,289
Andrew Morahan,290
Mark L. Lester,291
Tom Brady,292
Fouad Mikati,293
F.W. Murnau,294
John Nicolella,295
Phil Lord,296
Buck Henry,297
Richard J. Lewis,298
Charles Crichton,299
Arnold Laven,300
T.J. Martin,301
John Luessenhop,302
Joachim Trier,303
Albert Hughes,304
Ivan Kavanagh,305
Derek Cianfrance,306
William Monahan,307
Stuart Heisler,308
Fritz Lang,309
Xavier Gens,310
Nic Balthazar,311
Ti West,312
Ashutosh Gowariker,313
Chris Miller,314
Gary Burns,315
Mark Mylod,316
Vadim Perelman,317
Joe Swanberg,318
Elliott Nugent,319
Kevin Lima,320
Martha Fiennes,321
Wolfgang Reitherman,322
Damien Chazelle,323
Christian Molina,324
Roy Ward Baker,325
Glenn Leyburn,326
Claude Jutra,327
Jeff Franklin,328
Cyril Collard,329
Onur Ünlü,330
Babak Najafi,331
Hadi Hajaig,332
Craig Zisk,333
Joseph Kosinski,334
Boaz Yakin,335
Michael O'Herlihy,336
Gabriele Salvatores,337
Michael Bay,338
Richard Fleischer,339
Mike Barker,340
Jeffrey Nachmanoff,341
Clark Gregg,342
Ridley Scott,343
Scott Hicks,344
David Winning,345
Peter Howitt,346
Al Reinert,347
Emma Cooper,348
Marshall Herskovitz,349
Sylvia Soska,350
Brian Dannelly,351
Jorge Fons,352
Kayo Hatta,353
Keith Scholey,354
Hiroyuki Kitakubo,355
Angela Robinson,356
Guillaume Ivernel,357
J.M. Kenny,358
Max Ophüls,359
Masahiro Andô,360
Leonid Gayday,361
Kazuya Murata,362
Dan Eckman,363
Christopher Kenneally,364
Ruben Fleischer,365
Andrew Waller,366
Sandra Goldbacher,367
Jeremy Podeswa,368
Francis Lawrence,369
Michael Brandt,370
Tom DeSimone,371
Robin Swicord,372
Gene Wilder,373
Kay Pollak,374
Laurie Collyer,375
Benedek Fliegauf,376
Michael Matheson,377
Robert Lepage,378
Vikram Jayanti,379
Stephan Lacant,380
Frank Henenlotter,381
Maclain Way,382
Dave Green,383
Rob Marshall,384
Jean-Xavier de Lestrade,385
Neil Berkeley,386
Daniel Petrie Jr.,387
Kevin Williamson,388
Ted Kotcheff,389
Olivier Ducastel,390
Ryan Little,391
Nicolas Gessner,392
Mel Stuart,393
Henri-Georges Clouzot,394
David Mackenzie,395
David Kellogg,396
Colbert Clark,397
Daniel Myrick,398
Yim Ho,399
David Anspaugh,400
Jay Bulger,401
Joachim Rønning,402
Joseph Barbera,403
Billy Crystal,404
Stan Dragoti,405
Tomás Gutiérrez Alea,406
Philip Haas,407
Jonathan Kaplan,408
Tuck Tucker,409
Ken Russell,410
Henry Hathaway,411
Jeff Nichols,412
Ken Kwapis,413
Marv Newland,414
Frank Pavich,415
James Hill,416
Oliver Stone,417
Sara Sugarman,418
Ben Younger,419
Florian Henckel von Donnersmarck,420
Kurt Wimmer,421
Garson Kanin,422
Sturla Gunnarsson,423
Whoopi Goldberg,424
Sam Peckinpah,425
Randall Miller,426
Ray Kellogg,427
Susanne Bier,428
Jay Roach,429
Sebastián Borensztein,430
Delbert Mann,431
Jerry Rees,432
Éva Gárdos,433
Anne Fontaine,434
Lewis Gilbert,435
Ira Sachs,436
Randall Balsmeyer,437
Don Scardino,438
Richard Kelly,439
Charles Herman-Wurmfeld,440
Christoph Lauenstein,441
Dylan Kidd,442
Manoel de Oliveira,443
Nicolas Roeg,444
Michel Debats,445
Rocky Morton,446
David Mamet,447
John Cornell,448
Motonori Sakakibara,449
Robert Klane,450
Agnès Varda,451
Abby Epstein,452
Tom McGrath,453
John Irvin,454
David Guy Levy,455
Stiles White,456
Tommy Wiseau,457
Henry Joost,458
Gus Meins,459
Shainee Gabel,460
Christian Volckman,461
Gerard Johnson,462
Nathan Greno,463
Danny Goldberg,464
Angus MacLane,465
Ezra Edelman,466
Marilyn Agrelo,467
Rian Johnson,468
Stephen Judson,469
Nick Park,470
Tim Robbins,471
Ethan Coen,472
Dave Willis,473
Steve Buscemi,474
Mark Herman,475
Raoul O'Connell,476
Albert Magnoli,477
Javier Abad,478
Hal Hartley,479
Mehdi Ben Attia,480
Jim O'Connolly,481
Jack Smith,482
Stephen Anderson,483
Q. Allan Brocka,484
Shane Acker,485
Tomm Moore,486
Don Edmonds,487
Eric Till,488
Robert Stevenhagen,489
Greg MacGillivray,490
Edmund Goulding,491
Patrick Hughes,492
Lou Adler,493
John Glen,494
Julie Davis,495
Gregg Champion,496
Sandra Nettelbeck,497
Jordan Rubin,498
Lukas Moodysson,499
Richard Bell,500
Majid Majidi,501
Mikael Salomon,502
Mark Sandrich,503
Charles Ferguson,504
Steve Pink,505
Adam Wingard,506
Josef Fares,507
Damián Szifrón,508
Ron Oliver,509
Oliver Schmitz,510
William A. Wellman,511
Joan Micklin Silver,512
Andrew Jarecki,513
Sean McNamara,514
Bonnie Hunt,515
Vanessa Middleton,516
Dan Beers,517
Norman Foster,518
Reginald Le Borg,519
Paul Justman,520
Ned Benson,521
Gregory Jacobs,522
Michael Curtiz,523
Richard Berge,524
Bryan Bertino,525
George Seaton,526
Milton Katselas,527
Shinichiro Watanabe,528
Peter Glanz,529
Jeffrey Bloom,530
Richard Marquand,531
Allan Moyle,532
Lionel C. Martin,533
Bill Melendez,534
Michel Ocelot,535
Edith Becker,536
Joshua Logan,537
Bruce Paltrow,538
Carl Gottlieb,539
Maggie Greenwald,540
George Stevens,541
Mark Moskowitz,542
Thomas Jahn,543
Luis Mandoki,544
Lisa Barros D'Sa,545
Jorma Taccone,546
Lloyd Kaufman,547
Marty Callner,548
Norman Z. McLeod,549
Josh Gordon,550
Samantha Futerman,551
Hans Weingartner,552
Hayao Miyazaki,553
Mark Piznarski,554
Tony Gilroy,555
Hal Needham,556
Mark Aldo Miceli,557
Shinobu Yaguchi,558
Albert Lamorisse,559
Asghar Farhadi,560
William Lustig,561
Ben Nott,562
Mark Hartley,563
Dennis Gansel,564
Robert C. Cooper,565
James M. Muro,566
Niels Arden Oplev,567
Nelson Shin,568
Jack Conway,569
Guillermo del Toro,570
Bruce Kimmel,571
Barry W. Blaustein,572
Mikhail Kalatozov,573
György Pálfi,574
Othmar Schmiderer,575
Pierre Salvadori,576
Norman Jewison,577
Sam Jones,578
Álex de la Iglesia,579
Rich Moore,580
Jan Ole Gerster,581
Ken Scott,582
Gary Halvorson,583
George Harrison,584
Donna Deitch,585
Kihachi Okamoto,586
Ben Sharpsteen,587
George Sidney,588
Deborah Hoffmann,589
David Dobkin,590
Stefan Ruzowitzky,591
Danis Tanović,592
Fredrik Bond,593
Clive Donner,594
Jack Clayton,595
Ivan Galin,596
Michael Armstrong,597
Peter Webber,598
Toby Shelton,599
Barry Sonnenfeld,600
Stephan Elliott,601
Richard Rush,602
Keith Gordon,603
Gavin O'Connor,604
Georges Méliès,605
Phil Karlson,606
R. Ellis Frazier,607
James McTeigue,608
Sarik Andreasyan,609
John Huston,610
T. Hee,611
David Sandberg,612
Alfonso Cuarón,613
Kurt Neumann,614
Steve Antin,615
James Cameron,616
James DeMonaco,617
Fernando Barreda Luna,618
Tom Schulman,619
David L. Cunningham,620
Michael Clancy,621
John Gielgud,622
Eric Radomski,623
Kristin Hanggi,624
Stephen Frears,625
Jean-Jacques Annaud,626
Sidney Gilliat,627
Kim Longinotto,628
Tran Anh Hung,629
Iain Morris,630
Marc Webb,631
Nathaniel Kahn,632
Aristomenis Tsirbas,633
Johannes Stjärne Nilsson,634
Jennifer Jason Leigh,635
Stephen Sommers,636
Izidore K. Musallam,637
Kim Henkel,638
Alexander Korda,639
Kevin Munroe,640
Chris Williams,641
Peter O'Fallon,642
Nina Menkes,643
Edvin Laine,644
Alan Cohn,645
Buddy Van Horn,646
Sally Potter,647
Colin Strause,648
Phyllida Lloyd,649
Irving Cummings,650
Fred M. Wilcox,651
Jaume Balagueró,652
Martin Gero,653
Pinchas Perry,654
Randa Haines,655
Richard Linklater,656
Gaëtan Brizzi,657
James Swirsky,658
Albert Band,659
Douglas Day Stewart,660
Ariel Kleiman,661
Anjelica Huston,662
John Schlesinger,663
John N. Smith,664
Andy Mingo,665
Peter Werner,666
Austin Stark,667
Dziga Vertov,668
Jorge Montesi,669
Daming Chen,670
Patrick Tatopoulos,671
George Clooney,672
Antonio Banderas,673
Andrew Birkin,674
Emilio Estevez,675
Todd Rohal,676
Xan Cassavetes,677
Marcus Raboy,678
Jemaine Clement,679
Gough Lewis,680
Jon Moritsugu,681
Jeff Blyth,682
Ivan Reitman,683
Michael Lehmann,684
David Schmoeller,685
Paco Plaza,686
Jen McGowan,687
Galt Niederhoffer,688
Laurent Cantet,689
Kimberly Peirce,690
Seth Barrish,691
Michael O. Gallant,692
Bart Freundlich,693
David Fincher,694
Athur H. Nadel,695
Rachel Grady,696
Michael Spierig,697
Derrick Borte,698
Robert Cannan,699
Eugene Corr,700
Fraser Clarke Heston,701
John Harrison,702
Marco Bellocchio,703
Mark Achbar,704
Matt Bettinelli-Olpin,705
Dunia Ayaso,706
Hugh Johnson,707
Christopher Crowe,708
Autumn de Wilde,709
Eric Goldberg,710
Yoshifumi Kondou,711
Justin Theroux,712
Gene Nelson,713
Dan Aykroyd,714
Robert Ellis Miller,715
Liz Friedlander,716
François Keraudren,717
Kris Isacsson,718
Eugene Levy,719
David Breashears,720
Jim Brown,721
Dan Berk,722
Jimmy Hayward,723
J.T. Tepnapa,724
Don McKellar,725
Richard Lester,726
John Fortenberry,727
Richard Murphy,728
Kazuaki Kiriya,729
John Requa,730
Jonathan M. Goldstein,731
Yves Robert,732
Timothy Wheeler,733
David Frankel,734
Des McAnuff,735
Kirk De Micco,736
Wilson Yip,737
Fernando E. Solanas,738
David Hugh Jones,739
Irvin S. Yeaworth Jr.,740
Sujoy Ghosh,741
Lawrence Silk,742
John Boorman,743
Ben Wheatley,744
Gary Hustwit,745
Gernot Roll,746
Nicholaus Goossen,747
Gary Goddard,748
Jean Eustache,749
Mervyn LeRoy,750
Bill Colleran,751
Steve Carr,752
Joe Russo,753
Olivier Nakache,754
Steve Boyum,755
Justin Lin,756
Zack Snyder,757
Bruce McCulloch,758
James Watkins,759
James B. Clark,760
Nadine Labaki,761
Murray Lerner,762
Gregory Hoblit,763
Jeremiah S. Chechik,764
W.S. Van Dyke,765
Sebastián Silva,766
Randall Wallace,767
Andrew Dominik,768
H.B. Halicki,769
Walter Lang,770
Bud Greenspan,771
E. Elias Merhige,772
Bruce McDonald,773
Amos Gitai,774
Jeffrey Katzenberg,775
Harry O. Hoyt,776
Paul Newman,777
Louis Leterrier,778
Juan Carlos Tabío,779
H. C. Potter,780
Billy Kent,781
André Øvredal,782
Sam Wood,783
Mario Van Peebles,784
Jon Hurwitz,785
Isaac Feder,786
Oscar Sharp,787
Alex Rivera,788
Simon Wells,789
Yasuo Furuhata,790
Daniel Attias,791
Nimród Antal,792
Jordan Melamed,793
Nicholas Meyer,794
Scot McFadyen,795
Don Hertzfeldt,796
Leon Gast,797
Alfred Sole,798
Gianni Amelio,799
Damon Beesley,800
Hany Abu-Assad,801
Gary Ross,802
Jean-Claude Van Damme,803
Henry Bean,804
Kim Ki-duk,805
Stephen Hillenburg,806
Nima Nourizadeh,807
Roger Spottiswoode,808
Robert Leacock,809
Andrew Bergman,810
Jean-Marc Vallée,811
Carl Franklin,812
Stephen Hopkins,813
Yongyoot Thongkongtoon,814
Jean-François Richet,815
Andy Tennant,816
Josh Stolberg,817
Christopher Nolan,818
Tom Vaughan,819
Sean McGinly,820
Ola Simonsson,821
Tsai Ming-liang,822
Edward Burns,823
Pierce Rafferty,824
Jesús Franco,825
John S. Robertson,826
Claude Chabrol,827
Michael Winner,828
Fabián Bielinsky,829
David Bowers,830
Charlie Kaufman,831
Alek Keshishian,832
Zhang Yimou,833
Mick Jackson,834
Radu Mihaileanu,835
Jérôme Maison,836
Peter Cattaneo,837
Joe Ranft,838
Glenn McQuaid,839
Paul Thomas,840
Bob Fosse,841
Paul Hogan,842
Myles Connell,843
James Isaac,844
Steve Kloves,845
Mike Judge,846
Dario Argento,847
Pablo Stoll,848
Charles Matthau,849
Ken Loach,850
Brett Leonard,851
Otto Preminger,852
Peter Chan,853
Francis Veber,854
Jim Gillespie,855
Kevin James Dobson,856
Katt Shea,857
Edward Neumeier,858
Vincent Ward,859
Richard Glatzer,860
Lionel Jeffries,861
Jerry Zaks,862
Kenji Misumi,863
Colin Brady,864
Romain Goupil,865
Steve Purcell,866
John Whitesell,867
Edison Cájas,868
Jeff Pollack,869
Emir Kusturica,870
Stephen Chow,871
Andy Bichlbaum,872
Brad Furman,873
Nick Tomnay,874
Martin Lawrence,875
Cathy Malkasian,876
Miles Swain,877
Don Bluth,878
Michael Cristofer,879
Vincent Gallo,880
James W. Horne,881
Frank Borzage,882
Jean-Jacques Beineix,883
Michelangelo Antonioni,884
Jordan Vogt-Roberts,885
Gregory Widen,886
Neal Israel,887
Michael Steinberg,888
Randall Churchill,889
Dave Grohl,890
Lo Wei,891
Dean Israelite,892
Menahem Golan,893
Peter Templeman,894
Freida Lee Mock,895
Iwao Takamoto,896
Alison Ellwood,897
Shira Piven,898
Gordon Parks,899
Charlie Siskel,900
Denzel Washington,901
Anthony Harvey,902
Sam Weisman,903
Lance Young,904
Shōhei Imamura,905
Joshua Michael Stern,906
Kevin Smith,907
Don Paul,908
Les Mayfield,909
Mohsen Makhmalbaf,910
Chuck Jones,911
John G. Blystone,912
Allan Arkush,913
Josh C. Waller,914
Jane Campion,915
DJ Pooh,916
Peter Davis,917
Andrew Loo,918
Panna Rittikrai,919
Mitchell Lichtenstein,920
Emmanuel Mouret,921
Sofia Coppola,922
Hirokazu Koreeda,923
Edward Zwick,924
Martin Curland,925
Jeremy Garelick,926
Sudz Sutherland,927
Carl Theodor Dreyer,928
Art Stevens,929
Adam Shankman,930
Bob Rafelson,931
Steve Box,932
Christopher Miller,933
David Jacobson,934
Philip Saville,935
Nir Bergman,936
Heitor Dhalia,937
David Michôd,938
Nina Paley,939
Milton Menasco,940
Seijun Suzuki,941
Tate Taylor,942
Peter Markle,943
Sally Mattison,944
Christopher Cain,945
William Porter,946
Brian Gibson,947
Jeff McGrath,948
Larry Clark,949
Robert B. Weide,950
Nacho Vigalondo,951
Gillian Robespierre,952
Victor Schertzinger,953
Michael Mann,954
Arlene Sanford,955
Fruit Chan,956
John R. Leonetti,957
Peter Berg,958
Howard Storm,959
Spencer Susser,960
Terry Marcel,961
Dave Borthwick,962
Alex Gibney,963
George Bowers,964
Bruce Sinofsky,965
Wendy Apple,966
George Huang,967
Daniel DelPurgatorio,968
Yahoo Serious,969
Hector Babenco,970
Andrew Currie,971
Benoît Jacquot,972
Andrew Lau,973
Jennifer Yuh Nelson,974
Tetsuro Takeuchi,975
Mark Young,976
Kyle Patrick Alvarez,977
Andrzej Sekula,978
Etan Cohen,979
Henry Hobson,980
Justin Trefgarne,981
Louis C.K.,982
Alex Smith,983
Barnet Kellman,984
William T. Hurtz,985
Willard Huyck,986
Lewis Teague,987
Jack Arnold,988
Herb Gardner,989
Mike Bonanno,990
Jacques Tourneur,991
Roberto Benigni,992
Perry Andelin Blake,993
Angela Christlieb,994
Skip Woods,995
Leslie Greif,996
Jan Švankmajer,997
Malcolm Leo,998
Éric Rohmer,999
Jon Avnet,1000
Norman René,1001
Bill Pohlad,1002
John Hamburg,1003
Laura Poitras,1004
Christian Charles,1005
Ron Shelton,1006
Patrick Lussier,1007
Paul Gross,1008
Constance Marks,1009
Todd Holland,1010
Ted Wilde,1011
Jason Lei Howden,1012
Peter Askin,1013
Richard Quine,1014
Alejandro González Iñárritu,1015
Michael Haneke,1016
Pete Michels,1017
Alik Sakharov,1018
Daniel Petrie,1019
Elaine May,1020
Hendel Butoy,1021
Bill Kroyer,1022
Valerie Faris,1023
Géla Babluani,1024
Robert Brinkmann,1025
Joseph L. Mankiewicz,1026
George Kaczender,1027
Michael Sucsy,1028
Gary Trousdale,1029
Mario Peixoto,1030
Bernard Rose,1031
François Ozon,1032
Ömer Vargı,1033
Robin Budd,1034
Jason Bloom,1035
Sarah Smith,1036
Lasse Spang Olsen,1037
Alex Proyas,1038
Michael Haigney,1039
Patrick Alessandrin,1040
Vittorio De Sica,1041
David Nutter,1042
Ken Shapiro,1043
Martin Brest,1044
Nick Broomfield,1045
Edward F. Cline,1046
Jonas Åkerlund,1047
John McNaughton,1048
Ian Iqbal Rashid,1049
Kevin Willmott,1050
Dan Kuenster,1051
Guy Hamilton,1052
Jonathan Frakes,1053
Neill Blomkamp,1054
John R. Cherry III,1055
AJ Schnack,1056
Jonathan Caouette,1057
Clayton Jacobson,1058
Carlos Bolado,1059
Matti Grönberg,1060
Erick Zonca,1061
Joan Churchill,1062
Frederick de Cordova,1063
Jerry Lewis,1064
François Girard,1065
David Veloz,1066
Edwin L. Marin,1067
Jean Vigo,1068
Lynn Shelton,1069
Benny Chan,1070
Leslye Headland,1071
David Leland,1072
Byron Haskin,1073
Gareth Evans,1074
Jamie Blanks,1075
Michael Mayhew,1076
David Gelb,1077
Claude Berri,1078
Greg Mottola,1079
Walt Becker,1080
Dan Harris,1081
Paul Weiland,1082
Christopher Reeve,1083
Pat O'Connor,1084
Aleksandr Seryj,1085
Adam Mason,1086
Carma Hinton,1087
Guy Ritchie,1088
Seth Kramer,1089
William Castle,1090
Robert Siodmak,1091
Terry Jones,1092
Ali Taner Baltaci,1093
Ellen Hovde,1094
Geoffrey Wright,1095
Phil Morrison,1096
Jim Sonzero,1097
Jean Renoir,1098
Adam McKay,1099
Ray Müller,1100
David Hand,1101
Amma Asante,1102
Robert Stromberg,1103
George Pal,1104
Yin Li,1105
Dennie Gordon,1106
Scott Culver,1107
Mary Lambert,1108
Marek Kanievska,1109
Olivier Dahan,1110
Steven Knight,1111
Andrew Niccol,1112
Boris Sagal,1113
Robert Rossen,1114
James Moll,1115
Kantz,1116
Eli Craig,1117
David Jung,1118
Stéphane Giusti,1119
Charles Haid,1120
Dito Montiel,1121
"George Tillman, Jr.",1122
Georg Wilhelm Pabst,1123
Marcus Dunstan,1124
Jun Ichikawa,1125
David Zucker,1126
Max Fleischer,1127
John McTiernan,1128
Franklin J. Schaffner,1129
Yasuzô Masumura,1130
Brian Sloan,1131
Nanette Burstein,1132
John Herzfeld,1133
Michael Reeves,1134
Meir Zarchi,1135
Alan Barillaro,1136
Susan Stroman,1137
Sam Taylor-Johnson,1138
Miguel Sapochnik,1139
Raymond De Felitta,1140
André Bonzel,1141
Jack Fisk,1142
Christopher Morahan,1143
Dirk Shafer,1144
Johanna Hamilton,1145
Susan Muska,1146
Bharat Nalluri,1147
Daniel Alfredson,1148
Douglas Sirk,1149
Ruba Nadda,1150
Pascal Laugier,1151
Siddiq Barmak,1152
Callie Khouri,1153
Jim Mallon,1154
Sam Green,1155
Jan de Bont,1156
Stefan Schwartz,1157
Paddy Considine,1158
Wilfred Jackson,1159
C. Jay Cox,1160
Ryosuke Hashiguchi,1161
James B. Harris,1162
Robert Schwentke,1163
Luc Jacquet,1164
Geoff Murphy,1165
John Keitel,1166
Ramesh Sippy,1167
Ed Harris,1168
James Orr,1169
John Ireland,1170
Howard Deutch,1171
Joby Harold,1172
Jon Blair,1173
Shinji Aoyama,1174
Derek Jarman,1175
David McNally,1176
Vadim Jean,1177
Joe Berlinger,1178
Neil Burger,1179
Gábor Csupó,1180
Brent Maddock,1181
Betsy Chasse,1182
Lee Toland Krieger,1183
Dan Curtis,1184
Dan O'Bannon,1185
Jim Wynorski,1186
David France,1187
Kelly Asbury,1188
Alex Kurtzman,1189
Kevin Bacon,1190
James Gray,1191
Jörg Buttgereit,1192
Jason Priestley,1193
Jules Dassin,1194
Peter MacDonald,1195
Rose Troche,1196
Jim Goddard,1197
Franc. Reyes,1198
David Michael Latt,1199
Sylvester Stallone,1200
Burr Steers,1201
Jon Poll,1202
Hong Sang-soo,1203
Peter Segal,1204
Ching Siu-Tung,1205
Quentin Dupieux,1206
Jorge R. Gutierrez,1207
P.J. Hogan,1208
Sam Miller,1209
Andrew L. Stone,1210
Spike Lee,1211
Sergei M. Eisenstein,1212
Dominic Sena,1213
Sacha Gervasi,1214
Zach Braff,1215
Tony McNamara,1216
Peter Landesman,1217
Harry Hook,1218
Wes Craven,1219
Walter Salles,1220
John Dullaghan,1221
Kirk Wong,1222
Ed Bianchi,1223
S. Craig Zahler,1224
Nancy Walker,1225
Sean Ellis,1226
Andrew Marton,1227
Zeke Dunn,1228
Jon Wright,1229
Ian MacNaughton,1230
Janet Chun,1231
Edgar G. Ulmer,1232
Jennie Livingston,1233
Rupert Julian,1234
Todd Solondz,1235
Erle C. Kenton,1236
Steven Lisberger,1237
Will Finn,1238
Mike Thurmeier,1239
Michael Rosenbaum,1240
Robb Moss,1241
Scott Harris,1242
Christopher Hampton,1243
Charles S. Dutton,1244
Scott Alexander,1245
Jon Jost,1246
François Dupeyron,1247
Andrew Douglas,1248
John Gatins,1249
Todd Edwards,1250
Bibo Bergeron,1251
Marc Singer,1252
Wolf Rilla,1253
Tinto Brass,1254
Jean-Pierre Dardenne,1255
Olivier Megaton,1256
Allison Berg,1257
Matt Williams,1258
Roger Kumble,1259
Anders Thomas Jensen,1260
Rob Reiner,1261
Christian Nyby,1262
Tim Hunter,1263
Ricky Gervais,1264
Anne Fletcher,1265
Juan Antonio Bayona,1266
Peter Stebbings,1267
Stephen Norrington,1268
Richard Curtis,1269
Jonathan Dayton,1270
Claudio Fragasso,1271
Jeffrey Radice,1272
Henry Bromell,1273
Simon Klose,1274
Andrew Solt,1275
Paul Henreid,1276
Bud Smith ,1277
Adrian Shergold,1278
John Gray,1279
Sarah Gavron,1280
Glenn Gordon Caron,1281
Andrew Fleming,1282
Zelda Barron,1283
Philipp Stölzl,1284
Julian Jarrold,1285
Sally George,1286
David Stevens,1287
Marc Moody,1288
John Maloof,1289
Jack Hill ,1290
Mimi Leder,1291
Laetitia Masson,1292
Doug Sweetland,1293
Nicholas Ray,1294
Joe Wright,1295
Peter Yates,1296
Julio Médem,1297
Tom Noonan,1298
John Sturges,1299
John Trent,1300
Tony Giglio,1301
Jennifer Flackett,1302
Kirby Dick,1303
Mike Smith,1304
George Roy Hill,1305
Jason Winer,1306
Richard Gordon,1307
René Clément,1308
Jon Hess,1309
Lenny Abrahamson,1310
Jacques Audiard,1311
Paul Wegener,1312
John Gilling,1313
Luis Piedrahita,1314
Peter Atencio,1315
David Michener,1316
John Turturro,1317
Jerzy Skolimowski,1318
Alberto De Martino,1319
Jeremiah Kipp,1320
Abel Gance,1321
Kevin Spacey,1322
Yôji Yamada,1323
Casey Affleck,1324
David Butler,1325
John Badham,1326
Steve Wolsh,1327
Filip Remunda,1328
Elizabeth Banks,1329
Irvin Kershner,1330
Scott Silver,1331
Robert Townsend,1332
R.J. Kizer,1333
Oliver Hirschbiegel,1334
Cédric Klapisch,1335
Colin Trevorrow,1336
Scott Sanders,1337
Janet Greek,1338
Theo Angelopoulos,1339
Lucky McKee,1340
Juan Piquer Simón,1341
Martin Weisz,1342
Luis Buñuel,1343
Chris Noonan,1344
Vincenzo Natali,1345
Ingmar Bergman,1346
Rob Sitch,1347
Peter Kassovitz,1348
Steven Vidler,1349
Guillaume Canet,1350
Kevin Allen,1351
Mort Nathan,1352
Gary Weis,1353
Morgan O'Neill,1354
Jerry Jameson,1355
Kenji Mizoguchi,1356
William Arntz,1357
Godfrey Reggio,1358
Antonia Bird,1359
Jerry Paris,1360
Guy Maddin,1361
Zhang Yang,1362
Jennifer Kent,1363
Akira Kurosawa,1364
Paul Thomas Anderson,1365
Ondřej Trojan,1366
John-Paul Davidson,1367
Leonard Nimoy,1368
Eric Toledano,1369
Marco Ferreri,1370
Richard Loncraine,1371
Steven Gomez,1372
Charles Walters,1373
Robert Eggers,1374
Arthur Qwak,1375
Aram Rappaport,1376
Jeff Margolis,1377
Costa Botes,1378
Stephen Gyllenhaal,1379
Régis Wargnier,1380
Jesse Vaughan,1381
Carroll Ballard,1382
Mike Bigelow,1383
Kevin Tenney,1384
Richard W. Haines,1385
Guel Arraes,1386
Mark Levinson,1387
Marco Schnabel,1388
Lisa Gottlieb,1389
Roger Nygard,1390
Bradley King (II),1391
Alexander Sokurov,1392
Yung Chang,1393
Bill Murray,1394
Greg McLean,1395
Glenn A. Jordan,1396
Sam Pillsbury,1397
Marcel Ophüls,1398
Luke Matheny,1399
Eddie Murphy,1400
Barbara Brancaccio,1401
Bradford May,1402
Ringo Starr,1403
Stefan Fjeldmark,1404
Michaël R. Roskam,1405
Abbas Kiarostami,1406
Paul Bartel,1407
Koen Mortier,1408
William Dear,1409
Yann Arthus-Bertrand,1410
Craig Viveiros,1411
André De Toth,1412
Werner Herzog,1413
Max Färberböck,1414
Roman Polanski,1415
Andrew Stanton,1416
Sam Garbarski,1417
Charles Band,1418
Yasuhiro Takemoto,1419
David Miller,1420
Chapman Way,1421
George Haas,1422
Jessy Terrero,1423
Jimmy T. Murakami,1424
Hiroyuki Imaishi,1425
Bertrand Blier,1426
Osamu Kasai,1427
Claude Lelouch,1428
Alan Jacobs,1429
Stacy Title,1430
Steven Baigelman,1431
Mel Gibson,1432
Uwe Boll,1433
Nick Hamm,1434
Mark DiSalle,1435
Sabine Bernardi,1436
George P. Cosmatos,1437
Ralph Ziman,1438
Kent Jones,1439
Elia Suleiman,1440
Corneliu Porumboiu,1441
Edward Ludwig,1442
Daisy von Scherler Mayer,1443
Steven Okazaki,1444
Derek Sieg,1445
Stuart Gordon,1446
Adam Rogers,1447
Robert Young,1448
Roger Corman,1449
John Wayne,1450
Eric Darnell,1451
Robert Adetuyi,1452
Peter Duncan,1453
Michael Herz,1454
Jonathan van Tulleken,1455
Clyde Geronimi,1456
Justin Chadwick,1457
Seth Rogen,1458
Bryan Forbes,1459
Nunnally Johnson,1460
Nicholas Stoller,1461
Atiq Rahimi,1462
Griffin Dunne,1463
Simon J. Smith,1464
Elmar Klos,1465
Christian Alvart,1466
Tim Pope,1467
Liz Garbus,1468
Alan Mak,1469
Pierre Morel,1470
Marcelo Piñeyro,1471
Gil Junger,1472
Alexandros Avranas,1473
Andrew Davis,1474
Bernhard Wicki,1475
Brad Bird,1476
Maria Maggenti,1477
Takashi Miike,1478
Marc Lawrence,1479
Nelson McCormick,1480
John De Bello,1481
Christopher Menaul,1482
Kari Skogland,1483
Danny Pang,1484
Richard Franklin,1485
Patricia Rozema,1486
Dan Klores,1487
Val Guest,1488
Tobe Hooper,1489
Pat Proft,1490
Tom Stoppard,1491
Samira Makhmalbaf,1492
Gregg Araki,1493
Danny Steinmann,1494
Holly Goldberg Sloan,1495
Sean Penn,1496
Fran Rubel Kuzui,1497
Roger Avary,1498
Casper Andreas,1499
Igor Kovalyov,1500
Dennis Hopper,1501
Tony Krantz,1502
Jack Baran,1503
Emma-Kate Croghan,1504
Juan Carlos Fresnadillo,1505
Adrian Hoven,1506
Cathy Caplan,1507
Harve Foster,1508
Joan Chen,1509
JK Youn,1510
Carlo Ledesma,1511
David LaChapelle,1512
Richard Greenberg,1513
Fina Torres,1514
Kevin Hooks,1515
Don Hahn,1516
Jill Sprecher,1517
Tony Leech,1518
Bob Smeaton,1519
Diane English,1520
William Brent Bell,1521
Bill Paxton,1522
Christopher Doyle,1523
Richard Attenborough,1524
Henry Koster,1525
René Clair,1526
Roland Emmerich,1527
Gordon Hessler,1528
Aaron Seltzer,1529
Paul Hunter,1530
Mark Waters,1531
Kelly Makin,1532
Pablo Trapero,1533
George Abbott,1534
Raman Hui,1535
Seiji Tani,1536
Julian Schnabel,1537
Samuel Fuller,1538
Mark Jonathan Harris,1539
Grant Harvey,1540
Joe Dante,1541
Bill Rebane,1542
Paul Greengrass,1543
Kenneth Branagh,1544
Alfonso Aráu,1545
Augusto Caminito,1546
Frank Miller,1547
Scott Cooper,1548
Angelina Jolie,1549
Burt Reynolds,1550
Masayuki Suo,1551
Jan Egleson,1552
Chris Carter,1553
Nicholas Barker,1554
Christine Jeffs,1555
Arthur Allan Seidelman,1556
Andrzej Wajda,1557
Noam Murro,1558
Steven Spielberg,1559
Leesong Hee-il,1560
Joe Chappelle,1561
Naoyuki Tomomatsu,1562
Destin Cretton,1563
Anthony Stacchi,1564
Jeff Malmberg,1565
Terry Sanders,1566
Clay Borris,1567
Ang Lee,1568
Eric Schaeffer,1569
Mark Jones,1570
Steven Kampmann,1571
Peter Joseph,1572
Pang Ho-cheung,1573
Agustín Díaz Yanes,1574
Rainer Werner Fassbinder,1575
Cate Shortland,1576
Brian Knappenberger,1577
Donald Wrye,1578
Fritz Kiersch,1579
Abraham Polonsky,1580
Jim Handley,1581
Shekhar Kapur,1582
Cristian Mungiu,1583
Sylvio Tabet,1584
Brett Haley,1585
Geoff Burrowes,1586
Harold P. Warren,1587
Vincent Sherman,1588
Jessica Yu,1589
Sam Dunn,1590
Natalie Portman,1591
Hong Khaou,1592
Jun Falkenstein,1593
Renny Harlin,1594
David Moreau,1595
Rosser Goodman,1596
Stephen Chbosky,1597
Stephen St. Leger,1598
Cindy Meehl,1599
Henry Jaglom,1600
Corey Yuen,1601
Lynne Ramsay,1602
Laurie Lynd,1603
Bong Joon-ho,1604
Arne Glimcher,1605
Vít Klusák,1606
Nicolas Philibert,1607
Wolfgang Lauenstein,1608
Steven Hilliard Stern,1609
Luigi Cozzi,1610
Chris Smith,1611
Charles Martin Smith,1612
Satyajit Ray,1613
Andrew Adamson,1614
Aaron Harvey,1615
James Signorelli,1616
F. Gary Gray,1617
Sam Liu,1618
Norman Tokar,1619
Ulf Malmros,1620
Debra Granik,1621
Ben Lewin,1622
Phil Tippett,1623
Les Clark,1624
Francis Glebas,1625
Carl Rinsch,1626
Stuart Beattie,1627
Kinka Usher,1628
Bruce Beresford,1629
Bruce Timm,1630
Susan Seidelman,1631
Ernest R. Dickerson,1632
Sarah Polley,1633
Kátia Lund,1634
Jodie Foster,1635
Amy Heckerling,1636
Mario Caiano,1637
Charles Barton,1638
Aleksander Bach,1639
Alan Rudolph,1640
Paul Sabella,1641
Joseph Green,1642
Tom Dey,1643
Gary Shore,1644
Willard Carroll,1645
Roger Michell,1646
George T. Miller,1647
Eduardo Sánchez,1648
Andrew Erwin,1649
Jonathan Silverman,1650
Dean DeBlois,1651
James Wan,1652
Julianna Lavin,1653
Michael Goldenberg,1654
Peter Billingsley,1655
Kornél Mundruczó,1656
George Fitzmaurice,1657
James Gartner,1658
Walter Hill,1659
Lili Fini Zanuck,1660
Shirish Kunder,1661
J.J. Cohn,1662
William Malone,1663
Kevin Bray,1664
Susan Skoog,1665
David Worth,1666
Wesley Strick,1667
Brian Gilbert,1668
Tom DiCillo,1669
Federico Fellini,1670
Friz Freleng,1671
John Landis,1672
Hettie MacDonald,1673
Timo Vuorensola,1674
Rémi Bezançon,1675
James F. Robinson,1676
Michael Glawogger,1677
Paul McGuigan,1678
Jim Sharman,1679
Tom Haneke,1680
Jim Henson,1681
Ana Kokkinos,1682
Burt Kennedy,1683
Genndy Tartakovsky,1684
Gary Goldman,1685
Kathryn Bigelow,1686
Tom Gilroy,1687
Martine Dugowson,1688
Marc Rocco,1689
Bruce Lee,1690
Jeffery Scott Lando,1691
Mina Shum,1692
Pen Densham,1693
James Algar,1694
Andrew V. McLaglen,1695
Ari Folman,1696
Joseph Pevney,1697
Ole Bornedal,1698
Ol Parker,1699
Alessandro Carloni,1700
Louise Palanker,1701
Franco Brusati,1702
William Shatner,1703
Michael Wadleigh,1704
Shane Black,1705
Andreas Dalsgaard,1706
Rémy Belvaux,1707
Tony Scott,1708
Masaaki Yuasa,1709
Donnacha O'Briain,1710
Doug Atchison,1711
Jerry Rothwell,1712
Tony Randel,1713
Stefen Fangmeier,1714
Daniel Barnz,1715
Leslie H. Martinson,1716
Kevin Elders,1717
Hunter Richards,1718
Bart Layton,1719
Jason Wise,1720
Ayan Mukherjee,1721
Yann Samuell,1722
Michel Hazanavicius,1723
Roy William Neill,1724
Shawn Levy,1725
Abbe Wool,1726
Louis Pepe,1727
Neil Abramson,1728
John Musker,1729
Judd Apatow,1730
Stephen King,1731
Mat Whitecross,1732
Jon Watts,1733
Chris Nelson,1734
Jack Green,1735
Randal Kleiser,1736
Ray Goossens,1737
Walter Ruttmann,1738
Jesse Peretz,1739
Scott Winant,1740
Rob McKittrick,1741
Daniel Burman,1742
Rick Friedberg,1743
Jacques Doillon,1744
Jay Russell,1745
Kristian Levring,1746
Gary McKendry,1747
Frank Cvitanovich,1748
Andy Fickman,1749
Lexi Alexander,1750
Roland Suso Richter,1751
Vincent Paronnaud,1752
Nicole Real,1753
Rudolph Maté,1754
Howard Franklin,1755
Tom Kuntz,1756
Risa Bramon Garcia,1757
George Miller,1758
Lionel Coleman,1759
Scott Derrickson,1760
Kiefer Sutherland,1761
King Vidor,1762
Alan Cumming,1763
Clark L. Paylow,1764
Damon Santostefano,1765
Lena Dunham,1766
Tia Lessin,1767
Don Siegel,1768
Hamilton Luske,1769
Thomas Vinterberg,1770
J.B. Rogers,1771
William A. Graham,1772
Catherine Hardwicke,1773
Chris Gerolmo,1774
Anthony C. Ferrante,1775
Alan Metter,1776
Leslie Howard,1777
Mark Elijah Rosenberg,1778
Fred Savage,1779
Irwin Allen,1780
Isidro Ortiz,1781
Roy Allen Smith,1782
Chris Menges,1783
Graham Heid,1784
Jim Hanon,1785
Edward Sampson,1786
Ben Stiller,1787
Alan J. Pakula,1788
Tomas Alfredson,1789
David Maysles,1790
Chris Lofing,1791
Fred Schepisi,1792
Robert Stevenson,1793
Jez Butterworth,1794
Pete Travis,1795
Ralph Zondag,1796
Josh Radnor,1797
Tinu Suresh Desai,1798
Rupert Goold,1799
Jeff Burr,1800
Carlos Saldanha,1801
Will Graham,1802
Rupert Wyatt,1803
Jack Sholder,1804
Munehisa Sakai,1805
Robert Bresson,1806
Kieran Darcy-Smith,1807
Matthew Bright,1808
George Casey,1809
William Wyler,1810
Todd Strauss-Schulson,1811
Michael Cuesta,1812
Sook-Yin Lee,1813
Tyler Gillett,1814
Johnnie To,1815
Dave Payne,1816
Cedric Gibbons,1817
Ted Demme,1818
Mark Christopher,1819
Ralph Bakshi,1820
David DeCoteau,1821
Jaco Van Dormael,1822
Nick Moore,1823
Édouard Molinaro,1824
Floyd Mutrux,1825
Bill Fishman,1826
Adrian Lyne,1827
Jonas Pate,1828
Julian Schlossberg,1829
Paul King,1830
Steven Brill,1831
Chris Buck,1832
Lynne Littman,1833
Bert I. Gordon,1834
Just Jaeckin,1835
Joseph Ruben,1836
Tony Richardson,1837
S.R. Bindler,1838
Hart Bochner,1839
Kim Jee-woon,1840
Andy Muschietti,1841
Justin Simien,1842
Gary Nelson,1843
Lindsay Anderson,1844
Richard Spence,1845
Phil Nibbelink,1846
Tom Green,1847
Jennifer Chambers Lynch,1848
Jack Kinney,1849
Sam Firstenberg,1850
Nick Cassavetes,1851
Thorold Dickinson,1852
Xavier Palud,1853
Steven Quale,1854
Eric Zala,1855
Don Cheadle,1856
Terence Fisher,1857
Clyde Bruckman,1858
Andrea Arnold,1859
Ariel Schulman,1860
Bernt Amadeus Capra,1861
Marco Tullio Giordana,1862
Michael Polish,1863
Christian Marquand,1864
Alain Resnais,1865
Jeffery Delman,1866
Peter Faiman,1867
Clare Kilner,1868
Stephen Merchant,1869
Sam Esmail,1870
Jackie Chan,1871
Peter Farrelly,1872
Frederik Du Chau,1873
Hampton Fancher,1874
Eric Red,1875
Noel Black,1876
George Sluizer,1877
Scott Reynolds,1878
Richard Bates Jr.,1879
Pitof,1880
Nick Castle,1881
John Carney,1882
Ben Palmer,1883
Jennifer Lee,1884
Richard Shepard,1885
Peter Hewitt,1886
Kent Alterman,1887
Jonathan Hock,1888
Dominique Othenin-Girard,1889
Kris Pearn,1890
Geoff Burton,1891
Michael Moore,1892
Tom Laughlin,1893
Matthew Diamond,1894
Alfred L. Werker,1895
Amir Bar-Lev,1896
Leon Ichaso,1897
Gavin Wilding,1898
Graham Annable,1899
William Morgan,1900
Gurinder Chadha,1901
Jason Eisener,1902
Susanne Ofteringer,1903
Hideaki Anno,1904
Nigel Cole,1905
Ron Clements,1906
Carlos Carrera,1907
Lauren Montgomery,1908
James Komack,1909
Todd McCarthy,1910
Jesper Møller,1911
Alexandre Rockwell,1912
Ramaa Mosley,1913
Robert Carl Cohen,1914
Adam MacDonald,1915
Martha Coolidge,1916
Alex Stapleton,1917
Martin McDonagh,1918
Frank Lloyd,1919
Terry Zwigoff,1920
Ryoo Seung-wan,1921
Margarethe von Trotta,1922
Zacharias Kunuk,1923
Akiva Schaffer,1924
Shinji Higuchi,1925
Michael Apted,1926
Eric Meza,1927
Stanley Donen,1928
Michael Miller,1929
Andy Cadiff,1930
David Lowell Rich,1931
Anthony Leondis,1932
Ernst Lubitsch,1933
Mic Rodgers,1934
Julius Avery,1935
Petra Epperlein,1936
Arthur Lubin,1937
Michel Blanc,1938
Jeff Stilson,1939
Peter W. Kunhardt,1940
Daniela Thomas,1941
Tom Tykwer,1942
Gavin Wiesen,1943
Deborah Kaplan,1944
Michael Mayer,1945
Sophie Fiennes,1946
Tamra Davis,1947
Jen Soska,1948
Fletcher Markle,1949
Bill Bennett,1950
Armand Schaefer,1951
Robert Rodriguez,1952
Amy Berg,1953
Mika Hotakainen,1954
Jim Weedon,1955
Cheech Marin,1956
David Hare,1957
Christian Petzold,1958
Manny Coto,1959
David Price,1960
Ray Lawrence,1961
Grant Heslov,1962
Rodrigo Sopeña,1963
Peter Chung,1964
John Cromwell,1965
John Erick Dowdle,1966
Sam Wanamaker,1967
Tim Roth,1968
John G. Avildsen,1969
Stuart Baird,1970
Robert M. Young,1971
Ted Post,1972
Kurt Voss,1973
Greg Harrison,1974
Jay Chandrasekhar,1975
Garth Jennings,1976
Ruben Östlund,1977
Takeshi Kitano,1978
Aleksey Fedorchenko,1979
Forest Whitaker,1980
Emeric Pressburger,1981
Mark Rydell,1982
John Farrow,1983
Patricia Riggen,1984
Bruno Dumont,1985
Bruce Hunt,1986
Rick Moranis,1987
John Duigan,1988
Todd Phillips,1989
Douglas McCarthy,1990
C.M. Talkington,1991
Kelly Reichardt,1992
Mahiro Maeda,1993
George Dunning,1994
Sanaa Hamri,1995
Robert Longo,1996
Everett Lewis,1997
Richard Lowenstein,1998
Tommy O'Haver,1999
George Scribner,2000
Michael Hoffman,2001
Eugenio Martín,2002
Barbara Sonneborn,2003
John Fawcett,2004
Jerry Zucker,2005
Mario Bava,2006
Oxide Pang Chun,2007
Enzo G. Castellari,2008
Bob Swaim,2009
Brian Taylor,2010
Mike Hodges,2011
James Wong,2012
Art Clokey,2013
Julia Sweeney,2014
Simon West,2015
Tim Reid,2016
John Roberts,2017
Will Gluck,2018
Joe Camp,2019
Eric Bross,2020
Gerry Chiniquy,2021
Michael J. Sheridan,2022
Mel Brooks,2023
Ondi Timoner,2024
Steve Miner,2025
Kevin Rafferty,2026
Dave Meyers,2027
Harry Winer,2028
Charlotte Zwerin,2029
Joseph H. Lewis,2030
Keoni Waxman,2031
Barry Shils,2032
Alan Myerson,2033
Felix Herngren,2034
Frank Zappa,2035
David Raynr,2036
Mike Binder,2037
Peyton Reed,2038
Benjamin Christensen,2039
Hal E. Chester,2040
Mitsuo Hashimoto,2041
Hiroyuki Okiura,2042
Kristen Coury,2043
David Evans,2044
Marina de Van,2045
Raoul Peck,2046
John Scheinfeld,2047
Steven M. Martin,2048
Jack Nicholson,2049
Fred Niblo,2050
Javier Soto,2051
Jon S. Baird,2052
Maren Ade,2053
Nancy Meyers,2054
Sophia Turkiewicz,2055
Hayden Schlossberg,2056
S. Sylvan Simon,2057
James William Guercio,2058
Guy Moshe,2059
Annette Haywood-Carter,2060
Hollis Frampton,2061
Sergio Leone,2062
Wai Ka-Fai,2063
Andrew Mogel,2064
Danny DeVito,2065
Paul Solet,2066
Alex van Warmerdam,2067
J.C. Chandor,2068
Eran Kolirin,2069
Charles Robert Carner,2070
Nisha Pahuja,2071
Paul Quinn,2072
Percy Adlon,2073
Jean-Paul Rappeneau,2074
Marjane Satrapi,2075
Nick Love,2076
Janusz Kamiński,2077
Sam Mendes,2078
Lucio Fulci,2079
Bo Arne Vibenius,2080
Scott Wiper,2081
Mark Andrews,2082
Ethan Maniquis,2083
Mabrouk El Mechri,2084
Juliusz Machulski,2085
Gina Prince-Bythewood,2086
Juzo Itami,2087
Lorna Cook,2088
David Leaf,2089
Dana Brown,2090
Alan Rafkin,2091
Carl Schultz,2092
John Ottman,2093
George Lucas,2094
John Berry,2095
Troy Duffy,2096
Al Pacino,2097
Allan Dwan,2098
Terry Hughes,2099
José Luis Guerin,2100
He Ping,2101
Raja Gosnell,2102
Gréta Olafsdóttir,2103
Ross Adam,2104
John Hillcoat,2105
Daniel Sánchez Arévalo,2106
Jamie Johnson,2107
John Madden,2108
Richard Eyre,2109
Howard Ziehm,2110
Jeff Zimbalist,2111
Bonni Cohen,2112
Deran Sarafian,2113
Theodore Melfi,2114
Paul Brickman,2115
Udayan Prasad,2116
Tim Fywell,2117
Alan Taylor,2118
David M. Evans,2119
James Foley,2120
Karel Reisz,2121
Darren Aronofsky,2122
Joseph Santley,2123
Doug Liman,2124
Damien Dante Wayans,2125
Maggie Carey,2126
Joe Johnston,2127
Ken Finkleman,2128
"Arthur Rankin, Jr.",2129
Blake Edwards,2130
Hideo Nakata,2131
Andrew Sipes,2132
Lance Mungia,2133
Breck Eisner,2134
Tony Kaye,2135
Tetsuya Nomura,2136
Arthur Hiller,2137
Stephen Kessler,2138
Joe Nussbaum,2139
Jeffrey Friedman,2140
Anne Wheeler,2141
Lilly Wachowski,2142
Arnold Glassman,2143
Arna Selznick,2144
Satoshi Kon,2145
Tom Gormican,2146
Woo-sang Park,2147
Anthony Page,2148
María Ripoll,2149
Morten Arnfred,2150
Malcolm Mowbray,2151
Peter Sehr,2152
Anthony Mann,2153
Kevin Kolsch,2154
Sean Byrne,2155
Michael Schorr,2156
Mamoru Oshii,2157
Christopher Scott Cherot,2158
Elizabeth Allen Rosenbaum,2159
Paul Almond,2160
Danny Boyle,2161
Lorene Scafaria,2162
Kevin Rodney Sullivan,2163
Alastair Fothergill,2164
Lee Sholem,2165
Haskell Wexler,2166
Mike Leigh,2167
Elia Kazan,2168
Nobuhiro Suwa,2169
Kinji Fukasaku,2170
Jon Amiel,2171
Martin Bell,2172
Susanna Fogel,2173
Robert Butler,2174
Philippe de Broca,2175
Norio Tsuruta,2176
Robert J. Flaherty,2177
Anne Goursaud,2178
Gérard Pirès,2179
Drew Heriot,2180
Rodrigo García,2181
Fatih Akin,2182
Jon M. Chu,2183
Malcolm Venville,2184
Douglas Cheek,2185
Lewis John Carlino,2186
John Milius,2187
Peter Greenaway,2188
Robert Moore,2189
Ken Burns,2190
Roy Del Ruth,2191
Brett Thompson,2192
Volker Schlöndorff,2193
Mike Figgis,2194
Gordon Chan,2195
Jonah Markowitz,2196
Pascal Pinon,2197
George Pavlou,2198
R. Paul Miller,2199
David Mallet,2200
Tommy Chong,2201
Stephen Kijak,2202
Tom Hanks,2203
Charles Vidor,2204
Jens Lien,2205
Richard Elfman,2206
Rick Rosenthal,2207
Georges Franju,2208
Kasi Lemmons,2209
Mikio Naruse,2210
Liu Chia-Liang,2211
Jean-François Pouliot,2212
Nick Hurran,2213
Anthony Russo,2214
George Ogilvie,2215
Gadi Harel,2216
Paul Mazursky,2217
Ford Beebe,2218
Dean Parisot,2219
Nick Gomez,2220
Bill Cosby,2221
Mischa Kamp,2222
Hugh Wilson,2223
Alejandro Amenábar,2224
Craig McCracken,2225
Olivier Assayas,2226
Joel Hopkins,2227
Paul W.S. Anderson,2228
Reginald Hudlin,2229
Matthew O'Callaghan,2230
Eric Simonson,2231
Charles Shyer,2232
Alan Shapiro,2233
Jim Malone,2234
Albert Maysles,2235
Rawson Marshall Thurber,2236
Brian Levant,2237
Sam Raimi,2238
John Bruno,2239
Tim Johnson,2240
Christopher McQuarrie,2241
Lucía Puenzo,2242
Julien Temple,2243
Morgan J. Freeman,2244
Bill Persky,2245
Zak Penn,2246
Lesli Linka Glatter,2247
Jesse Dylan,2248
Julien Duvivier,2249
Keisuke Kinoshita,2250
Raúl Ruiz,2251
Alan Zaslove,2252
Bruce A. Evans,2253
Ken Annakin,2254
Thomas Carter,2255
Eytan Fox,2256
Massimo Troisi,2257
Mikael Håfström,2258
Geoffrey Sax,2259
Dan Fogelman,2260
Asif Kapadia,2261
Tim Sullivan,2262
Jay Oliva,2263
Hugh Hudson,2264
Blair Treu,2265
Herk Harvey,2266
Jerry Schatzberg,2267
Daniel A. Miller,2268
Kenneth Johnson,2269
Harald Zwart,2270
Sergei Bodrov,2271
Gabriela Pichler,2272
John Waters,2273
Ruggero Deodato,2274
Lance Bangs,2275
Allison Anders,2276
Jaffar Mahmood,2277
Seth Gordon,2278
Anthony Hemingway,2279
Ava DuVernay,2280
Aaron Norris,2281
Paweł Pawlikowski,2282
Gérard Mordillat,2283
Patrick Stettner,2284
Douglas McGrath,2285
Daniel Lindsay,2286
Felix E. Feist,2287
Harold Ramis,2288
Tony Bui,2289
Niki List,2290
John Carl Buechler,2291
Lasse Hallström,2292
Jeff Abugov,2293
Carles Torrens,2294
Klay Hall,2295
Peter Masterson,2296
Matteo Garrone,2297
William Peter Blatty,2298
Haifaa Al-Mansour,2299
James Keach,2300
Richard LaGravenese,2301
Jonathan Lynn,2302
John Curran,2303
John Stevenson,2304
Martin Wood,2305
James Merendino,2306
Valerie Breiman,2307
Hiromasa Yonebayashi,2308
Monte Hellman,2309
Rob Cohen,2310
Philip G. Atwell,2311
Rob Epstein,2312
Jesse Lawrence,2313
Denis Sanders,2314
Brian De Palma,2315
Philippe Claudel,2316
Clio Barnard,2317
Mort Ransen,2318
Paul Lynch,2319
Rodrigo Cortés,2320
Leslie Woodhead,2321
Josiane Balasko,2322
Jack Bender,2323
Paul Flaherty,2324
Phil Vischer,2325
Craig Rosenberg,2326
Dick Sebast,2327
Brandon Vietti,2328
Marc Schölermann,2329
Sion Sono,2330
Kazuhisa Takenôchi,2331
Espen Sandberg,2332
Rob Meltzer,2333
Matthew Galkin,2334
Jonathan Wacks,2335
Marc Levin,2336
Tommy Wirkola,2337
Tony Palmer,2338
George Marshall,2339
Duncan Tucker,2340
Harold Becker,2341
Clifford Odets,2342
Jon Favreau,2343
Beeban Kidron,2344
Michael Caton-Jones,2345
Don Chaffey,2346
Joe Layton,2347
Anthony Minghella,2348
Marc Forster,2349
Austen Jewell,2350
Christian Zübert,2351
Steve De Jarnatt,2352
Mamoru Hosoda,2353
Tom Savini,2354
Irving Reis,2355
Michael Dowse,2356
Roko Belic,2357
Martyn Burke,2358
Steven E. de Souza,2359
Salim Akil,2360
Albert Lewin,2361
Lian Lunson,2362
Bobcat Goldthwait,2363
Nicholas Hytner,2364
Ricki Stern,2365
Miranda July,2366
Mike Mills,2367
Greg Spence,2368
Shinji Aramaki,2369
Ken Wiederhorn,2370
Allen Hughes,2371
Pen-Ek Ratanaruang,2372
Tom Ropelewski,2373
Michael Henry Wilson,2374
Gary Chapman,2375
James Vanderbilt,2376
Corey Allen,2377
Heywood Gould,2378
Michael Rymer,2379
Phillip Noyce,2380
Jamie Babbit,2381
Stan Winston,2382
Doug Pray,2383
Brian G. Hutton,2384
J. Davis,2385
Eric Tsang,2386
Frank Capra,2387
Ted Berman,2388
Bille August,2389
Alexandre Bustillo,2390
Jamie Uys,2391
Douglas Tirola,2392
Timur Bekmambetov,2393
Gary David Goldberg,2394
Jean Negulesco,2395
Tim Miller,2396
Woody Allen,2397
Prabhu Deva,2398
Clarence Brown,2399
Jarrad Paul,2400
Robert Greenwald,2401
Mark Decena,2402
Mark Steven Johnson,2403
Jack Sher,2404
Tony Vitale,2405
Geoffrey O'Connor,2406
Joseph Sargent,2407
Mark Goldblatt,2408
Frank Pierson,2409
Stephen Herek,2410
Michael Radford,2411
Franco Zeffirelli,2412
David Soren,2413
Ate de Jong,2414
Bob Saget,2415
Eli Roth,2416
Sam Taylor,2417
Gareth Edwards,2418
Emmett Malloy,2419
Steve White,2420
Stephen T. Kay,2421
Jonathan Liebesman,2422
Dan Ollman,2423
Charles Sturridge,2424
Lieven Debrauwer,2425
Gene Quintano,2426
Victor Halperin,2427
Jacques Tati,2428
Melanie Mayron,2429
Joshua Zeman,2430
Michael Gottlieb,2431
Peter Sohn,2432
Matt Piedmont,2433
Claude Miller,2434
Kurt Kuenne,2435
Hou Hsiao-hsien,2436
Coline Serreau,2437
Joss Whedon,2438
Dustin Hoffman,2439
Carlo Carlei,2440
Finn Taylor,2441
Robert Radler,2442
Gérard Depardieu,2443
Jeff Kanew,2444
Richard C. Sarafian,2445
Anton Leader,2446
Henry King,2447
Lewis Seiler,2448
Kyle Newman,2449
Frederick Wiseman,2450
Myles Berkowitz,2451
Michael Ritchie,2452
Chris Hopewell,2453
Niels Mueller,2454
Steve Skrovan,2455
Yorgos Lanthimos,2456
Malcolm St. Clair,2457
Josh Boone,2458
Jonas Elmer,2459
Elliot Silverstein,2460
Jacques Demy,2461
Michael Austin,2462
Drew Barrymore,2463
Tom Hooper,2464
Oliver Parker,2465
Michael Powell,2466
Douglas Trumbull,2467
Seiji Mizushima,2468
Billy Bob Thornton,2469
Stefan C. Schaefer,2470
Steve Barron,2471
Kieron J. Walsh,2472
Daniel Ribeiro,2473
Harmony Korine,2474
Ralph Eggleston,2475
Baz Luhrmann,2476
Roland Joffé,2477
Bernard L. Kowalski,2478
Rob Letterman,2479
Jennifer Finnigan,2480
Melvin Frank,2481
Tim Kirkman,2482
Masaki Kobayashi,2483
Klaus Kinski,2484
Tim Hill,2485
Darren Moloney,2486
John Derek,2487
Robert Zemeckis,2488
Morgan Spurlock,2489
Donald Cammell,2490
David Yates,2491
Hal Walker,2492
B.Z. Goldberg,2493
Chris Rock,2494
Bruce Campbell,2495
Michael Hofmann,2496
Kirk R. Thatcher,2497
Tod Browning,2498
Rajkumar Hirani,2499
Steven Shainberg,2500
Tom Bery,2501
David Seltzer,2502
Anthony Drazan,2503
Gillo Pontecorvo,2504
Charlie Peters,2505
Mark Rosman,2506
Dave McKean,2507
James D. Stern,2508
Isao Takahata,2509
Nicole Kassell,2510
Chen Kaige,2511
Will Mackenzie,2512
Charles Lamont,2513
Anthony Hickox,2514
Noah Baumbach,2515
Til Schweiger,2516
Steven Soderbergh,2517
Josh Aronson,2518
Benny Boom,2519
Gregory Nava,2520
Jean-Baptiste Andrea,2521
Penny Marshall,2522
James Mangold,2523
Scott J. Gill,2524
Richard Pearce,2525
Rebecca Miller,2526
Ub Iwerks,2527
Robert Stone,2528
Billy Wilder,2529
Mark A.Z. Dippé,2530
Steve James,2531
Alain Berliner,2532
Bill Plympton,2533
Bruce Robinson,2534
George Mendeluk,2535
Vic Sarin,2536
S. S. Wilson,2537
Joel Schumacher,2538
Jim Drake,2539
Joseph Anthony,2540
Ralph Arlyck,2541
Kaveh Moinfar,2542
Jenniphr Goodman,2543
Yurek Bogayevicz,2544
Josh Pate,2545
Harold Young,2546
Mike Mitchell,2547
Isaac Florentine,2548
D. Kerry Prior ,2549
Malik Bendjelloul,2550
Bård Breien,2551
Freddie Francis,2552
Michael McCullers,2553
James Ponsoldt,2554
John Malkovich,2555
Kevin Macdonald,2556
Cory Edwards,2557
Bigas Luna,2558
Morgan Neville,2559
Michael Lindsay-Hogg,2560
Malcolm D. Lee,2561
Jiang Wen,2562
Kevin Burns,2563
Ryan Murphy,2564
Ted Braun,2565
Rod Amateau,2566
Rob Schmidt,2567
Tad Stones,2568
Paul Donovan,2569
Vilgot Sjöman,2570
Bud Luckey,2571
Gilbert Adler,2572
Ron Underwood,2573
Walt Disney,2574
Howard Zieff,2575
Joonas Berghäll,2576
Valentine Davies,2577
Jack Donohue,2578
Richard Press,2579
Charles A. Nichols,2580
Andrea Bianchi,2581
Edgar Wright,2582
Eric Bress,2583
Joseph Zito,2584
Martin Davidson,2585
Kevin Yagher,2586
Luis Valdez,2587
Patrick Read Johnson,2588
Bob Spiers,2589
Robert Lee King,2590
Darnell Martin,2591
Jennifer Westfeldt,2592
Julie Taymor,2593
Darren Stein,2594
Agnès Jaoui,2595
Bruce D. Clark,2596
Matthijs van Heijningen Jr.,2597
Thomas Riedelsheimer,2598
Zillah Bowes,2599
Jerusha Hess,2600
Dan Cohen,2601
John Blanchard,2602
Whit Stillman,2603
Frances Reid,2604
Cedric Sundstrom,2605
Oren Moverman,2606
Michael Tolkin,2607
John Cassavetes,2608
Sngmoo Lee,2609
Pål Sletaune,2610
William Wiard,2611
George Cukor,2612
Norman Panama,2613
Roger Christian,2614
Theresa Connelly,2615
James Marsh,2616
Andrzej Żuławski,2617
J.J. Abrams,2618
Rowland V. Lee,2619
Robert Iscove,2620
Orson Welles,2621
Douglas Keeve,2622
Marcel Camus,2623
Andreas Dresen,2624
Toby Wilkins,2625
Anna Campion,2626
Ralph Nelson,2627
Thomas Bezucha,2628
Rod Lurie,2629
Judith Ehrlich,2630
Steve Rash,2631
Diane Keaton,2632
André Heller,2633
Jeremy Newberger,2634
Mark Neveldine,2635
Rod Daniel,2636
Florent-Emilio Siri,2637
Christophe Gans,2638
Rob Williams,2639
Agnieszka Holland,2640
Gustav Machatý,2641
Richard Ayoade,2642
Mike Nawrocki,2643
Marco Kreuzpaintner,2644
Joel Edgerton,2645
Will Vinton,2646
Peter Mullan,2647
Ana Lily Amirpour,2648
Jason Moore,2649
Jasmin Dizdar,2650
Jim Sheridan,2651
Ash Brannon,2652
Don Hall,2653
Steve Oedekerk,2654
Thomas J. Wright,2655
Paul Auster,2656
Piers Haggard,2657
Wayne Wang,2658
Ralph S. Singleton,2659
Sidney Poitier,2660
Tom McCarthy,2661
Rob Pearlstein,2662
Chad Stahelski,2663
Wim Wenders,2664
Gordon Douglas,2665
Chris Koch,2666
Shigeyasu Yamauchi,2667
Per Fly,2668
Pauly Shore,2669
Perry Lang,2670
Pan Nalin,2671
Lake Bell,2672
Joshua Marston,2673
Trevor Nunn,2674
James Goldstone,2675
Brian Helgeland,2676
Marino Girolami,2677
Chris Bould,2678
John Stockwell,2679
Alex Garland,2680
Ben Washam,2681
Christopher Ashley,2682
Don Taylor,2683
Dick Richards,2684
Duwayne Dunham,2685
Ere Kokkonen,2686
Adam Resnick,2687
Richard Rosson,2688
Paul Feig,2689
Neil Barsky,2690
Spike Jonze,2691
Stig Bergqvist,2692
Jerry Ciccoritti,2693
Kazuya Tsurumaki,2694
Alexandre Aja,2695
Eric Hannah,2696
Mick Garris,2697
Jacob Aaron Estes,2698
Roger Vadim,2699
Laurent Firode,2700
Bill Siegel,2701
Jim McBride,2702
Tonino Valerii,2703
Josef Rusnak,2704
Rafal Zielinski,2705
Richard Wenk,2706
Wash Westmoreland,2707
Rand Ravich,2708
Armando Iannucci,2709
Terry George,2710
Nigel Finch,2711
Benh Zeitlin,2712
Brad Peyton,2713
Cy Endfield,2714
Goran Dukic,2715
Steno,2716
Rodman Flender,2717
Fred Walton,2718
Rintaro,2719
Hiroshi Inagaki,2720
Jacques Martineau,2721
Bernardo Bertolucci,2722
Gregory La Cava,2723
Paul Bogart,2724
Anthony Asquith,2725
Shusuke Kaneko,2726
Michael Carreras,2727
Arthur Borman,2728
Gabriel Axel,2729
Steve Gordon,2730
Walter Murch,2731
George A. Romero,2732
Leo McCarey,2733
Taika Waititi,2734
Cindy Sherman,2735
Ramin Bahrani,2736
Scott Waugh,2737
Ryûhei Kitamura,2738
Peter Hyams,2739
Rachel Talalay,2740
Joe Roth,2741
Buddy Giovinazzo,2742
Gareth Carrivick,2743
Christine Lahti,2744
Dick Zondag,2745
Daniel Mann,2746
Kevin Sullivan,2747
Frank Oz,2748
Camille Delamarre,2749
Samantha Grant,2750
Barbet Schroeder,2751
John Bonito,2752
Patrice Leconte,2753
Craig Gillespie,2754
Oren Peli,2755
Mike Johnson,2756
Andrew Horn,2757
Paul Provenza,2758
Michael Corrente,2759
Liam Lynch,2760
William Keighley,2761
Erik Skjoldbjærg,2762
Vincente Minnelli,2763
Yvan Attal,2764
Mike Tollin,2765
Julie Anne Robinson,2766
Joe Cornish,2767
Lyndall Hobbs,2768
Billy Ray,2769
Cecilia Peck,2770
Kleber Mendonça Filho,2771
Stuart Gillard,2772
Eugene Jarecki,2773
Sidney Lanfield,2774
Shuki Levy,2775
Kwak Jae-yong,2776
D.W. Griffith,2777
Marco Brambilla,2778
Mike Clattenburg,2779
Keith Parmer,2780
Abel Ferrara,2781
Anton Corbijn,2782
Robert Mandel,2783
Michael Zimbalist,2784
Jason Bateman,2785
Ronny Yu,2786
Fred Coe,2787
Gil Kenan,2788
Felipe Lacerda,2789
Y.K. Kim,2790
Raymond Depardon,2791
Louie Psihoyos,2792
Mark Haggard,2793
Newt Arnold,2794
Jacob Kornbluth,2795
Ellen Kuras,2796
Harold D. Schuster,2797
Zoltan Korda,2798
Masayuki,2799
Howard Hawks,2800
Scott Frank,2801
Julian Gilbey,2802
Gustavo Taretto,2803
Patty Jenkins,2804
E.L. Katz,2805
Laurence Olivier,2806
Richard Day,2807
Marcos Martínez,2808
Don Kempf,2809
David S. Ward,2810
Pete Docter,2811
Zana Briski,2812
Sean Baker,2813
Aaron Woodley,2814
David A. Armstrong,2815
Rob Bowman,2816
Robert Luketic,2817
Shari Springer Berman,2818
David Twohy,2819
Courtney Solomon,2820
Tom Gustafson,2821
Taylor Hackford,2822
Dick Lowry,2823
Glen Morgan,2824
Satoshi Nishimura,2825
Kouji Morimoto,2826
Bennett Miller,2827
Richard Boden,2828
Rob Zombie,2829
Måns Mårlind,2830
Jafar Panahi,2831
Barbara Kopple,2832
Eliseo Subiela,2833
Gary Sinise,2834
Leslie Megahey,2835
Olli Saarela,2836
Chris Delaporte,2837
Dan Scanlon,2838
Tiffanie DeBartolo,2839
Ben Steinbauer,2840
Tom Shadyac,2841
Nagisa Ōshima,2842
Denis Villeneuve,2843
Henry Selick,2844
Na Hong-jin,2845
Takeshi Nozue,2846
Jon Jones,2847
Tatsuya Nagamine,2848
David Monahan,2849
Patrick Brice,2850
David Lean,2851
D.J. Caruso,2852
Irwin Winkler,2853
Todd Field,2854
Burny Mattinson,2855
Nikita Mikhalkov,2856
Georges Lautner,2857
David Koepp,2858
Michael Davis,2859
Peter Collinson,2860
Agnès Merlet,2861
Amy Holden Jones,2862
Maurice Hunt,2863
Greg Strause,2864
Byron Howard,2865
Tony Bancroft,2866
Karey Kirkpatrick,2867
Mel Smith,2868
Jaume Collet-Serra,2869
Daniel Benmayor,2870
Joshua Brand,2871
Morton DaCosta,2872
Don Michael Paul,2873
Chadd Harbold,2874
Bertrand Tavernier,2875
Jean-Luc Godard,2876
Paolo Sorrentino,2877
Ron Fricke,2878
Tatia Rosenthal,2879
Eric Steel,2880
David Ayer,2881
Ricardo Curtis,2882
Anthony Perkins,2883
Ernest B. Schoedsack,2884
Robert Houston,2885
Phil Roman,2886
Gabe Polsky,2887
Nancy Meckler,2888
Baltasar Kormákur,2889
Henriette Mantel,2890
David Weaver,2891
Joel Oliansky,2892
George Jackson,2893
Michael McGowan,2894
Tom Gries,2895
Clark Johnson,2896
Alan Clarke,2897
Wladyslaw Starewicz,2898
Jim Jarmusch,2899
Abe Levitow,2900
Frédéric Fonteyne,2901
Bretaigne Windust,2902
Srđan Spasojević,2903
Steve Peterson,2904
Ben Affleck,2905
Alan Alda,2906
Preston A. Whitmore II,2907
László Benedek,2908
Tom Mankiewicz,2909
Mark Osborne,2910
George Ratliff,2911
Tim Burton,2912
Robert De Niro,2913
Dominic Brigstocke,2914
Kirsten Sheridan,2915
Jared Hess,2916
Kevin Heffernan,2917
Thom Eberhardt,2918
Steve Beck,2919
Robert Taylor,2920
Gavin Hood,2921
John Lennon,2922
James Lapine,2923
Lawrence Kasdan,2924
Vittorio Taviani,2925
Lucy Walker,2926
Chris Paine,2927
Olatunde Osunsanmi,2928
Richard Martin,2929
Rob Hedden,2930
Joe Charbanic,2931
C. B. Harding,2932
Neal Jimenez,2933
Gillies MacKinnon,2934
Chris Sanders,2935
Stanley Nelson,2936
Daniel Lee,2937
Stuart Hazeldine,2938
Atom Egoyan,2939
Saschka Unseld,2940
Michael Lembeck,2941
Nat Hiken,2942
Richard Brooks,2943
Bill Bryden,2944
Victor Fleming,2945
Graham Baker,2946
Alexander Payne,2947
Carol Frank,2948
Émile Gaudreault,2949
Robert Redford,2950
Bruce Malmuth,2951
Larry Peerce,2952
Kenneth Anger,2953
Wally Pfister,2954
Toshiya Fujita,2955
Nikolaj Arcel,2956
Ferzan Özpetek,2957
Bobby Farrelly,2958
Boris Acosta,2959
Àlex Pastor,2960
Alexander Witt,2961
Kaneto Shindō,2962
Jaap van Heusden,2963
Bruce Brown,2964
Andrzej Bartkowiak,2965
David Hogan,2966
Christopher Monger,2967
Jay Duplass,2968
Frédéric Mitterrand,2969
Ivan Passer,2970
Hendrik Hölzemann,2971
Robert Parrish,2972
Prachya Pinkaew,2973
Philip Ridley,2974
Alison Klayman,2975
Terence Young,2976
Jan Svěrák,2977
Charles Laughton,2978
Martin Campbell,2979
John Carpenter,2980
John Lafia,2981
Peter Sellers,2982
Jon Cassar,2983
Jon Turteltaub,2984
Sean Mathias,2985
John Woo,2986
Simon Shore,2987
Jay Levey,2988
Quentin Tarantino,2989
Tom DeCerchio,2990
Angela Pope,2991
Jeff Tremaine,2992
Gerd Oswald,2993
Kiyoshi Kurosawa,2994
Nanni Moretti,2995
Pablo Berger,2996
Michael Walker,2997
Harry Elfont,2998
Pixote Hunt,2999
Michael Arias,3000
Joel Coen,3001
Brad Turner,3002
Stephen Low,3003
Michael Patrick King,3004
Bob Guccione,3005
Travis Cluff,3006
Justin Reardon,3007
George Axelrod,3008
Duncan Jones,3009
Shunji Iwai,3010
David Hackl,3011
Alan Parker,3012
J.A. Howe,3013
Paul Verhoeven,3014
Kyle Balda,3015
Claude Nuridsany,3016
Arthur Penn,3017
Guy Green,3018
P.J. Castellaneta,3019
David Moreton,3020
Michael Crichton,3021
Neil Turitz,3022
Anatole Litvak,3023
Barry Skolnick,3024
Louis J. Gasnier,3025
Marcel Sarmiento,3026
George Waggner,3027
Josef von Sternberg,3028
John Polson,3029
Tom Holland,3030
Josh Trank,3031
Hiroyuki Morita,3032
Luiz Fernando Carvalho,3033
Dianne Jackson,3034
Abdellatif Kechiche,3035
Marc Caro,3036
Max Nichols,3037
Stuart Paton,3038
Leos Carax,3039
Francis Ford Coppola,3040
Alan Poul,3041
George Armitage,3042
Ellory Elkayem,3043
Paolo Virzì,3044
Robert Scott,3045
Michel Gondry,3046
Lisa Cholodenko,3047
Peter Hedges,3048
Steffi Kammerer,3049
Mike Nichols,3050
Stanley Tucci,3051
Campbell Scott,3052
Pavel Lungin,3053
Rouben Mamoulian,3054
Seth Grossman,3055
John Frankenheimer,3056
Mark Pavia,3057
Alexander Mackendrick,3058
Jeremy Leven,3059
Gérard Corbiau,3060
Stephen Walker,3061
Daniel Minahan,3062
Kevin Dowling,3063
Paulo Morelli,3064
Pier Paolo Pasolini,3065
Anna Maria Tatò,3066
Sebastian Gutierrez,3067
Suzie Templeton,3068
Larry Roemer,3069
Larry David,3070
Christy Cabanne,3071
John Kahrs,3072
Fred Dekker,3073
Jeff Nathanson,3074
Robert Hiltzik,3075
Wesley Ruggles,3076
Nobuhiko Ōbayashi,3077
Rosanna Arquette,3078
Jeremy Kagan,3079
Stanley Kramer,3080
Edward D. Wood Jr.,3081
Eric Blakeney,3082
Deborah Brock,3083
Lee Chang-dong,3084
David Redmon,3085
Ed Decter,3086
Alfonso Gomez-Rejon,3087
Ryan Miyamoto,3088
Christian Ditter,3089
Jayne Loader,3090
Craig Johnson,3091
Ashley York,3092
Dan Trachtenberg,3093
Ethan Wiley,3094
Antony Hoffman,3095
Drew Goddard,3096
Adam Alleca,3097
Tony Bill,3098
Steven Zaillian,3099
Mark Pellington,3100
Richard Rich,3101
Robert K. Weiss,3102
Edward Yang,3103
J.S. Cardone,3104
Andrew J. Smith,3105
Jonathan Kahn,3106
Michael Pressman,3107
Jessica Bendinger,3108
Banksy,3109
Doug Ellin,3110
Clare Peploe,3111
Sylvain Chomet,3112
Peter Glenville,3113
David Hinton,3114
Peter Brook,3115
Joe Carnahan,3116
Juan Pablo Rebella,3117
István Szabó,3118
Kim Mordaunt,3119
Wade Gasque,3120
Mathieu Kassovitz,3121
Chris Marker,3122
Toshio Matsumoto,3123
John Putch,3124
Jim Rash,3125
Ringo Lam,3126
Sarah Burns,3127
Charles Jarrott,3128
Yuen Woo-ping,3129
David Keating,3130
Alex Cox,3131
Rich Murray,3132
Terence Davies,3133
Fernando Trueba,3134
John Sayles,3135
Ryan Fleck,3136
Billy Corben,3137
Demian Lichtenstein,3138
Joel Zwick,3139
Isabel Coixet,3140
Curtis Hanson,3141
Gordon Parks Jr.,3142
Sean Anders,3143
Desmond Nakano,3144
Tom Berninger,3145
Craig Brewer,3146
Afonso Poyart,3147
Andy Wilson,3148
Perry Henzell,3149
Francine McDougall,3150
Pekka Parikka,3151
Silvio Narizzano,3152
Chuck Russell,3153
Benjamin Ross,3154
Matthew Warchus,3155
Michael Meyer,3156
Robert Cormack,3157
Daniel Sackheim,3158
Ben Bolt,3159
Errol Morris,3160
Melville Shavelson,3161
L.Q. Jones,3162
Peter R. Simpson,3163
Robert Shaye,3164
Carrie Preston,3165
Bill Corcoran,3166
Jessica Joy Wise,3167
Anders Østergaard,3168
Anna Boden,3169
Kirk Jones,3170
Robert Aldrich,3171
John Sanford,3172
John Schultz,3173
John Francis Daley,3174
Paddy Breathnach,3175
Max Mitchell,3176
Preston Sturges,3177
Jonas Cornell,3178
Liz W. Garcia,3179
Lee Tamahori,3180
Tom Ford,3181
Kerry Conran,3182
Ben Garant,3183
Hatsuki Tsuji,3184
John Lasseter,3185
Christopher Guest,3186
Jack Haley Jr.,3187
Andrew Rossi,3188
Kenny Ortega,3189
Richard Donner,3190
M. Night Shyamalan,3191
Sue Kramer,3192
Christopher Roberts,3193
Tetsuya Nakashima,3194
Peter Bogdanovich,3195
Nacho Cerdà,3196
Christopher B. Landon,3197
Nicolo Donato,3198
Wych Kaosayananda,3199
William Dieterle,3200
Charles Stone III,3201
Aimee Lagos,3202
François Truffaut,3203
Chris Columbus,3204
Patricia Birch,3205
Miguel Arteta,3206
Arie Posin,3207
Guy Ferland,3208
Nancy Savoca,3209
Todd Haynes,3210
Roger Graef,3211
Barry Cook,3212
Martin Scorsese,3213
Robert Duvall,3214
Zal Batmanglij,3215
Gavin Millar,3216
Michael Patrick Jann,3217
Michael Blieden,3218
Vincent J. Donehue,3219
Jessie Nelson,3220
Daniel Barber,3221
Stuart Rosenberg,3222
Andrei Konchalovsky,3223
Dwayne Carey-Hill,3224
Ján Kadár,3225
Howard McCain,3226
Andrew O'Connor,3227
Robert Altman,3228
Amos Poe,3229
Jason Friedberg,3230
Courteney Cox,3231
Warren Beatty,3232
Jerome Robbins,3233
Roberts Gannaway,3234
Ashley Sabin,3235
Tensai Okamura,3236
Jac Schaeffer,3237
Jeff Schaffer,3238
Mennan Yapo,3239
Joseph M. Newman,3240
Billy Morrissette,3241
Kim Bartley,3242
Shane Meadows,3243
Wong Jing,3244
Craig R. Baxley,3245
Shigehiro Ozawa,3246
Theo van Gogh,3247
Mike van Diem,3248
David Silverman,3249
Brenda Chapman,3250
Fred C. Newmeyer,3251
Frank Tuttle,3252
Tsui Hark,3253
Lana Wachowski,3254
Hal Roach,3255
Samuel Bayer,3256
Karl Freund,3257
John Gulager,3258
Toshio Masuda,3259
Kenta Fukasaku,3260
James Ward Byrkit,3261
Frédéric Auburtin,3262
Don Mischer,3263
Phillip Borsos,3264
Paul Satterfield,3265
Keith Samples,3266
Michael Oblowitz,3267
Pat Verducci,3268
Deepa Mehta,3269
Russell P. Marleau,3270
Silvio Soldini,3271
Nicole Holofcener,3272
Joshua Seftel,3273
Yoshihiro Ueda,3274
Jonathan Glazer,3275
Ronald F. Maxwell,3276
Larry Blamire,3277
Robert Bierman,3278
Chris Eyre,3279
Pierre De Moro,3280
Marlon Brando,3281
Basil Dearden,3282
Jonathan Winfrey,3283
Jill Culton,3284
Jean-Pierre Melville,3285
Baillie Walsh,3286
Aleksi Mäkelä,3287
David R. Ellis,3288
Anne Sundberg,3289
Tony Jaa,3290
Denys Arcand,3291
Bill Couturié,3292
John Lounsbery,3293
Gaspar Noé,3294
Luchino Visconti,3295
Mira Nair,3296
Jim Abrahams,3297
Takashi Shimizu,3298
Tim McCanlies,3299
Alfred Hitchcock,3300
Hiroshi Teshigahara,3301
Blair Hayes,3302
Rodney Ascher,3303
Don Coscarelli,3304
Frank Marshall,3305
Peter Jackson,3306
Paul Brizzi,3307
Guy Moore,3308
Jeb Stuart,3309
Christine Fugate,3310
Paris Barclay,3311
Mark Linfield,3312
Craig Monahan,3313
Steve Gomer,3314
Herbert Ross,3315
Antoine Fuqua,3316
Pedro Almodóvar,3317
Randy Barbato,3318
Peter Spierig,3319
Sönke Wortmann,3320
Idrissa Ouedraogo,3321
James Edward Grant,3322
Helena Solberg,3323
Fernando Meirelles,3324
Ishirô Honda,3325
James Ivory,3326
Gary Sherman,3327
John Forte,3328
Julie Delpy,3329
Andrew Jimenez,3330
Jim VanBebber,3331
Lloyd Bacon,3332
Dale Resteghini,3333
Robert S. Fiveson,3334
Patrick Gilmore,3335
Gregory Poirier,3336
John Moore,3337
Dan Rush,3338
Edward Norton,3339
Scott Spiegel,3340
James Cox,3341
Lee David Zlotoff,3342
Xavier Koller,3343
Peter Weir,3344
Jean Yarbrough,3345
Robert Allan Ackerman,3346
Alex Kendrick,3347
Rachel Goldenberg,3348
Peter Horton,3349
Barbra Streisand,3350
Sophie Barthes,3351
Paul Abascal,3352
Mary Harron,3353
Niall Johnson,3354
Roger Gould,3355
Lawrence Shapiro,3356
Dennis Dugan,3357
Savage Steve Holland,3358
Alan Rickman,3359
Norman Taurog,3360
Darren Lynn Bousman,3361
Kevin Greutert,3362
Masahiro Hosoda,3363
Robert Benton,3364
Bruno Barreto,3365
Tamara Jenkins,3366
Charles Brabin,3367
Clive Barker,3368
Marshall Curry,3369
Brad Anderson,3370
Lauren Greenfield,3371
Patrick Creadon,3372
Stephen Daldry,3373
Daniel Stern,3374
Kevin Donovan,3375
Luis Berdejo,3376
Rupert Murray,3377
Jimmy Wang Yu,3378
Kenneth Lonergan,3379
Len Wiseman,3380
Higuchinsky,3381
John O'Hagan,3382
Joel Silberg,3383
Mike Birbiglia,3384
Gregor Jordan,3385
Emile Ardolino,3386
Don Argott,3387
Maya Angelou,3388
Shin Sang-ok,3389
Santosh Sivan,3390
Steve Martino,3391
Edward Dmytryk,3392
Darrell Rooney,3393
Bill Condon,3394
John Dahl,3395
Dave Allen,3396
Neil Marshall,3397
Robert Pulcini,3398
Ryan Coogler,3399
Christian Duguay,3400
Bryan Singer,3401
Christian Vincent,3402
Gary Hardwick,3403
Maurizio Lucidi,3404
Edward Sedgwick,3405
Wayne Kramer,3406
Gary Winick,3407
Mitch Rouse,3408
David Slade,3409
Robert Clouse,3410
Michael Criscione,3411
Stephen Verona,3412
Ron Howard,3413
Danny Cannon,3414
Jean-Charles Tacchella,3415
Thea Sharrock,3416
Andrew Haigh,3417
Thomas Schlamme,3418
Busby Berkeley,3419
J.T.S. Moore,3420
Burt Lancaster,3421
Jérôme Salle,3422
Bruce LaBruce,3423
Sidney Franklin,3424
André Téchiné,3425
Todd Graff,3426
Christophe Barratier,3427
Michael Almereyda,3428
Philippe Mora,3429
John Mackenzie,3430
Carter Smith,3431
Archie Mayo,3432
Dale Launer,3433
Stephen Surjik,3434
Stacy Cochran,3435
John Guillermin,3436
Dick Powell,3437
Roger Donaldson,3438
Frank Darabont,3439
Milčo Mančevski,3440
Elem Klimov,3441
Neal Brennan,3442
Chad Villella,3443
Roy Andersson,3444
Jonathan Demme,3445
Anthony Potenza,3446
Jason Reitman,3447
Andrés Wood,3448
Carol Reed,3449
Darrell James Roodt,3450
Susan Streitfeld,3451
Jonathan Hensleigh,3452
Gabriela Cowperthwaite,3453
Ingo Rasper,3454
Peter Ramsey,3455
Victor Heerman,3456
Fisher Stevens,3457
Lewis Milestone,3458
Andrew J. Kuehn,3459
Sebastian Junger,3460
Michael Showalter,3461
Karyn Kusama,3462
George Nolfi,3463
Scott Glosserman,3464
Gerard Johnstone,3465
Simon Wincer,3466
Norton Virgien,3467
Asger Leth,3468
Zach Helm,3469
Scot Armstrong,3470
Greg Pritikin,3471
Niall MacCormick,3472
Youssef Chahine,3473
Elliot Goldner,3474
Louis Malle,3475
Aiyana Elliott,3476
Mark Helfrich,3477
William Friedkin,3478
Rob Minkoff,3479
Gil Cates Jr.,3480
Manny Rodriguez,3481
Hiroshi Saitô,3482
Jake Kasdan,3483
Katherine Fairfax Wright,3484
Jeremy Saulnier,3485
Herbert Brenon,3486
Mark Duplass,3487
Barry Levinson,3488
Luca Bercovici,3489
Jalmari Helander,3490
Robert Harmon,3491
Giuseppe Tornatore,3492
David Siegel,3493
Eric Styles,3494
Buster Keaton,3495
Eric Valli,3496
Kang Je-gyu,3497
E. Max Frye,3498
Edward Bernds,3499
Tim Blake Nelson,3500
George W. George,3501
Fred Olen Ray,3502
Uli Edel,3503
Alejandro Agresti,3504
Justin Lo,3505
Peter DeLuise,3506
Dan Ireland,3507
Mojtaba Mirtahasebi,3508
Jeff Feuerzeig,3509
Bob Clark,3510
Michael Gordon,3511
Steve Bendelack,3512
David M. Rosenthal,3513
Jonathan Levine,3514
Charlie McDowell,3515
James Gunn,3516
Mihalis Kakogiannis,3517
Patrick Archibald,3518
Karen Leigh Hopkins,3519
Oskar Roehler,3520
Luis Puenzo,3521
John Mathew Matthan,3522
Albert Parker,3523
John Lee Hancock,3524
James Mottern,3525
Phil Alden Robinson,3526
Edward Buzzell,3527
Tod Williams,3528
John Wells,3529
Scott Elliott,3530
Karen Disher,3531
Sharon Maguire,3532
Mike Flanagan,3533
Andrei Tarkovsky,3534
Mark Robson,3535
Claude Lanzmann,3536
Duke Johnson,3537
Jean-Pierre Jeunet,3538
Bud Friedgen,3539
Ross Kauffman,3540
Geoffrey Fletcher,3541
Adam Simon,3542
Denny Tedesco,3543
David Leitch,3544
Larry Leker,3545
René Laloux,3546
Brett Morgen,3547
Adam Elliot,3548
Peter Kosminsky,3549
Greg Coote,3550
Michael Shoob,3551
Bud Yorkin,3552
James Fargo,3553
Paul Haggis,3554
Marcos Siega,3555
Jesús Salvador Treviño,3556
Alison Maclean,3557
Jody Hill,3558
Charlie Chaplin,3559
Camilo Tavares,3560
Peter Medak,3561
Tom Moore,3562
Douglas Aarniokoski,3563
Stephen Fry,3564
Jamie Linden,3565
Morten Tyldum,3566
Lars von Trier,3567
Jan Harlan,3568
Rick Castro,3569
David Beaird,3570
John A. Davis,3571
Daniel Espinosa,3572
Troy Miller,3573
David Swift,3574
Ben Elton,3575
Judy Irving,3576
Pradeep Sarkar,3577
Matt Harlock,3578
Mark Romanek,3579
Gunther von Fritsch,3580
Norberto Barba,3581
Russell Crowe,3582
Lam Nai-Choi,3583
Yves Angelo,3584
Joseph McGrath,3585
Robert Z. Leonard,3586
Mads Brügger,3587
Larry Charles,3588
Greg Beeman,3589
Courtney Hunt,3590
Ian Fitzgibbon,3591
Gerald Potterton,3592
Robert D. Siegel,3593
Robert Lieberman,3594
Marco Berger,3595
Tom McLoughlin,3596
Kunihiko Yuyama,3597
Conrad Vernon,3598
Jim Fall,3599
Aki Kaurismäki,3600
Digby Cook,3601
Farhad Mann,3602
Vincent McEveety,3603
Caroline Thompson,3604
Jeff Newitt,3605
Daryl Wein,3606
Steve Sekely,3607
Jonathan Darby,3608
Wolfgang Becker,3609
Rowdy Herrington,3610
Sian Heder,3611
Lone Scherfig,3612
Trey Parker,3613
Jake Scott,3614
Donovan Cook,3615
Craig Mazin,3616
Julian Fellowes,3617
James Payne,3618
Jonathan Mostow,3619
Neil LaBute,3620
Eric Brevig,3621
Jamin Winans,3622
Hal Salwen,3623
Stephen J. Anderson,3624
Jonathan Sobol,3625
Chris Walas,3626
McG,3627
J. Mackye Gruber,3628
Sam Fell,3629
Dale Schott,3630
Gary Entin,3631
Ömer Faruk Sorak,3632
Norman Wright,3633
Ferenc Rófusz,3634
Coralie Trinh Thi,3635
Jim Mickle,3636
Suri Krishnamma,3637
Lamont Johnson,3638
Robert Towne,3639
James D. Parriott,3640
Sammo Hung,3641
John Warren,3642
John Swanbeck,3643
Les Blank,3644
Mark Dindal,3645
Jehane Noujaim,3646
Richard Pryor,3647
Kristina Goolsby,3648
Buzz Kulik,3649
Terry Gilliam,3650
Gus Van Sant,3651
Bernard Knowles,3652
Wu Tian-Ming,3653
Tina Hirsch,3654
Robert Wiene,3655
Craig Moss,3656
Shinya Tsukamoto,3657
Tarsem Singh,3658
Tay Garnett,3659
Tim Story,3660
Laetitia Colombani,3661
Lang Elliott,3662
Rick Goldsmith,3663
Brian Desmond Hurst,3664
Michael Tucker,3665
Björn Stein,3666
Eric Leighton,3667
Leslie Goodwins,3668
Don Weis,3669
Mike Maguire,3670
Dušan Makavejev,3671
Sergei Parajanov,3672
Penelope Spheeris,3673
Yoshiaki Kawajiri,3674
Robert Walker,3675
Carl Reiner,3676
Yojiro Takita,3677
Damian Harris,3678
Liev Schreiber,3679
Sean S. Cunningham,3680
Joe Mantello,3681
Jesse Hibbs,3682
Gabe Torres,3683
Jane Anderson,3684
Gene Saks,3685
Edward James Olmos,3686
John Hough,3687
Radio Silence,3688
George Hickenlooper,3689
José Luis Cuerda,3690
Edward Lachman,3691
John Payson,3692
Michael Winterbottom,3693
Sidney J. Furie,3694
Floria Sigismondi,3695
Chris Sparling,3696
Kevin Costner,3697
Michael Vejar,3698
Aleksey Balabanov,3699
Dan Wolman,3700
Hal Kanter,3701
Joe Alves,3702
Francesco Rosi,3703
James D.R. Hickox,3704
Nicolas Winding Refn,3705
Diane Crespo,3706
Seth Kearsley,3707
Senkichi Taniguchi,3708
Robert Fuest,3709
Gerald Kargl,3710
Fred M. Caruso,3711
Chris Weitz,3712
Clint Eastwood,3713
Kevin Jordan,3714
Peter George,3715
Félix Enríquez Alcalá,3716
Jon Erwin ,3717
Tony Maylam,3718
Michael Anderson,3719
Jan Pinkava,3720
Franc Roddam,3721
Phil Joanou,3722
Mike Newell,3723
Ken Hughes,3724
Marcel Carné,3725
Patrice Chéreau,3726
Paul Schrader,3727
Irving Rapper,3728
Michael Martin,3729
Tom Six,3730
Mike Gabriel,3731
Jon Matthews,3732
Curtis Bernhardt,3733
William Asher,3734
Costa-Gavras,3735
Bryan Spicer,3736
J. Lee Thompson,3737
Fernando León de Aranoa,3738
Daisuke Nishio,3739
Britt Allcroft,3740
Wallace Wolodarsky,3741
Lowell Sherman,3742
Lee Myung-se,3743
Michael Cimino,3744
Stanley Tong,3745
Frank Coraci,3746
Sydney Pollack,3747
Larry Karaszewski,3748
Robert Hamer,3749
Steven Cantor,3750
Bruce Gowers,3751
David Bruckner,3752
Harry Beaumont,3753
Jocelyn Moorhouse,3754
Michael Blakemore,3755
Desmond Davis,3756
Bronwen Hughes,3757
Tennyson Bardwell,3758
Ben Falcone,3759
Gerald Seth Sindell,3760
Thomas Balmès,3761
Tze Chun,3762
Boaz Davidson,3763
Nathan H. Juran,3764
Rick Famuyiwa,3765
Joel M. Reed,3766
Ádám Császi,3767
Erik Van Looy,3768
Christopher Smith,3769
David Wain,3770
Charles Reisner,3771
Matt Aselton,3772
Greg Coolidge,3773
Stuart Orme,3774
Eleanor Coppola,3775
Anand Tucker,3776
Robert Florey,3777
Andrey Zvyagintsev,3778
David Wnendt,3779
Mark Malone,3780
John D. Hancock,3781
Jonathan R. Betuel,3782
Danny Leiner,3783
Tommy Lee Wallace,3784
Tamar Simon Hoffs,3785
Gary Fleder,3786
Art Linson,3787
Karan Johar,3788
Liliana Cavani,3789
Wes Anderson,3790
Justin Kerrigan,3791
Gillian Armstrong,3792
Matthew Robbins,3793
Aaron Blaise,3794
Jacques Cluzaud,3795
Fuminori Kizaki,3796
Lee Fulkerson,3797
Ross McElwee,3798
Evan Goldberg,3799
David Gordon Green,3800
Sanjay Leela Bhansali,3801
J. F. Lawton,3802
Jørgen Leth,3803
Mark Lewis,3804
Felix Van Groeningen,3805
James L. Brooks,3806
Masami Hata,3807
Gary Sinyor,3808
Philip Kaufman,3809
Katja von Garnier,3810
Paul Wendkos,3811
Leni Riefenstahl,3812
Reggie Rock Bythewood,3813
Jon Kasdan,3814
Eric Larson,3815
Damien O'Donnell,3816
Nat Faxon,3817
Scott Stewart,3818
John Pasquin,3819
Colin Higgins,3820
Dennis Widmyer,3821
Greg Marcks,3822
Bruce Pittman,3823
Masanori Hata,3824
John Maybury,3825
Christopher Morris,3826
Seth MacFarlane,3827
Josh Fox,3828
Søren Kragh-Jacobsen,3829
Chris Wedge,3830
William Richert,3831
Michael Chapman,3832
Charles Burnett,3833
Davis Guggenheim,3834
Hamilton MacFadden,3835
Ari Sandel,3836
Robert Olsen,3837
Ulu Grosbard,3838
Takeshi Koike,3839
Cecil B. DeMille,3840
Henry Levin,3841
Stacy Peralta,3842
Adam Marcus,3843
Dewey Nicks,3844
Patricia Cardoso,3845
Andrew Scheinman,3846
Joseph Vilsmaier,3847
Jeannot Szwarc,3848
Paul Williams,3849
Stewart Raffill,3850
Sergio Garrone,3851
Albert Brooks,3852
Larysa Kondracki,3853
John Singleton,3854
Jim Strouse,3855
Tommy Lee Jones,3856
Lina Wertmüller,3857
Peter R. Hunt,3858
Bill Filipiak,3859
Stanley Kubrick,3860
Delmer Daves,3861
Joseph Gordon-Levitt,3862
Paul Weitz,3863
Hiroyuki Nakano,3864
John M. Stahl,3865
Dave Filoni,3866
Scott Walker,3867
Jack Smight,3868
Takao Okawara,3869
Samuel Armstrong,3870
Betty Thomas,3871
Hironobu Sakaguchi,3872
David Hillenbrand,3873
James Melkonian,3874
Scott Kalvert,3875
Brad Silberling,3876
Fax Bahr,3877
Doug McHenry,3878
Joshua Oppenheimer,3879
Ziad Doueiri,3880
Kon Ichikawa,3881
Robert C. Ramirez,3882
Kevin Connor,3883
Adam Rifkin,3884
Chris Gorak,3885
Caroline Link,3886
Greg Osborne,3887
John Ford,3888
Lee Daniels,3889
Michael Gornick,3890
Joseph Losey,3891
Brian Robbins,3892
Hans-Christian Schmid,3893
Cedric Nicolas-Troyan,3894
Jorge Blanco,3895
Gore Verbinski,3896
Dave Fleischer,3897
Jay Sandrich,3898
Pip Karmel,3899
Russ Meyer,3900
Geoff Moore,3901
Charles T. Kanganis,3902
Lisanne Pajot,3903
Matthew Saville,3904
Amy S. Weber,3905
David Robert Mitchell,3906
David Posamentier,3907
Shim Hyung-Rae,3908
Anthony Waller,3909
James Frawley,3910
Ben Ramsey,3911
Menno Meyjes,3912
Joseph Mealey,3913
Susannah Grant,3914
Pete Jones,3915
Leigh Janiak,3916
Bob Balaban,3917
Will Speck,3918
Donald Crisp,3919
Roberto Rossellini,3920
Kimiyoshi Yasuda,3921
Nuri Bilge Ceylan,3922
Heidi Ewing,3923
Lee Jeong-Beom,3924
Daniel Vigne,3925
Lynne Southerland,3926
Sidney Lumet,3927
David Byrne,3928
Cory James Krueckeberg,3929
Robert Harling,3930
William Hanna,3931
Lynne Stopkewich,3932
David Steinberg,3933
Steven J. Santos,3934
John Alan Schwartz,3935
Ella Lemhagen,3936
Khyentse Norbu,3937
Matthew Vaughn,3938
Michele Soavi,3939
Raoul Walsh,3940
Lewis Allen,3941
R. J. Cutler,3942
Marina Zenovich,3943
Robert Wise,3944
Erich von Stroheim,3945
Carl Boese,3946
Charles Grosvenor,3947
Phil Monroe,3948
Allen Coulter,3949
Donal Lardner Ward,3950
D.A. Pennebaker,3951
Glauber Rocha,3952
Dan Gilroy,3953
Josh Forbes,3954
Kirk Wise,3955
Katsuhiro Otomo,3956
Gary Preisler,3957
Peter Care,3958
Malika Zouhali-Worrall,3959
Bill Duke,3960
Russell Mulcahy,3961
Glenn Ficarra,3962
Compton Bennett,3963
Justin Martinez,3964
James Duffy,3965
James Clavell,3966
David Barrett,3967
Stevan Riley,3968
Jeff Bleckner,3969
Bob Gale,3970
Rupert Sanders,3971
Rob Thomas,3972
Merian C. Cooper,3973
Jan Hřebejk,3974
Jules Bass,3975
Paul Dinello,3976
Shane Abbess,3977
