movieId,title,releaseDate,runtime,budget,genres,overview,tagline,popularity,revenue,director,cast,keywords
1,Toy Story (1995),1995-10-30,81,30000000,Adventure|Animation|Children|Comedy|Fantasy,"Led by Woody, Andy's toys live happily in his room until Andy's birthday brings Buzz Lightyear onto the scene. Afraid of losing his place in Andy's heart, Woody plots against Buzz. But when circumstances separate Buzz and Woody from their owner, the duo eventually learns to put aside their differences.",,29.862981,373554033,John Lasseter,Tom Hanks|Tim Allen|Don Rickles|Jim Varney|Wallace Shawn,martial arts|jealousy|toy|boy|friendship|bullying|friends|rivalry|rescue|mission|walkie talkie|boy next door|new toy|neighborhood|toy comes to life|resourcefulness
2,Jumanji (1995),1995-12-15,104,65000000,Adventure|Children|Fantasy,"When siblings Judy and Peter discover an enchanted board game that opens the door to a magical world, they unwittingly invite Alan -- an adult who's been trapped inside the game for 26 years -- into their living room. Alan's only hope for freedom is to finish the game, which proves risky as all three find themselves running from giant rhinoceroses, evil monkeys and other terrifying creatures.",Roll the dice and unleash the excitement!,10.964257,262797249,Joe Johnston,Robin Williams|Jonathan Hyde|Kirsten Dunst|Bradley Pierce|Bonnie Hunt,giant insect|board game|disappearance|based on children's book|new home|recluse
3,Grumpier Old Men (1995),1995-12-22,101,0,Comedy|Romance,"A family wedding reignites the ancient feud between next-door neighbors and fishing buddies John and Max. Meanwhile, a sultry Italian divorcée opens a restaurant at the local bait shop, alarming the locals who worry she'll scare the fish away. But she's less interested in seafood than she is in cooking up a hot time with Max.",Still Yelling. Still Fighting. Still Ready for Love.,6.75456,0,Howard Deutch,Walter Matthau|Jack Lemmon|Ann-Margret|Sophia Loren|Daryl Hannah,fishing|old man|best friend|duringcreditsstinger
4,Waiting to Exhale (1995),1995-12-22,127,16000000,Comedy|Drama|Romance,"Cheated on, mistreated and stepped on, the women are holding their breath, waiting for the elusive ""good man"" to break a string of less-than-stellar lovers. Friends and confidants Vannah, Bernie, Glo and Robin talk it all out, determined to find a better way to breathe.",Friends are the people who let you be yourself... and never let you forget it.,2.88744,81452156,Forest Whitaker,Whitney Houston|Angela Bassett|Loretta Devine|Lela Rochon|Gregory Hines,based on novel|interracial relationship|single mother|divorce|chick flick
5,Father of the Bride Part II (1995),1995-02-10,106,0,Comedy,"Just when George Banks has recovered from his daughter's wedding, he receives the news that she's pregnant ... and that George's wife, Nina, is expecting too. He was planning on selling their home, but that's a plan that -- like George -- will have to change with the arrival of both a grandchild and a kid of his own.",Just When His World Is Back To Normal... He's In For The Surprise Of His Life!,9.286334,76578911,Charles Shyer,Steve Martin|Diane Keaton|Martin Short|Kimberly Williams-Paisley|George Newbern,parent child relationship|baby|midlife crisis|confidence|aging|daughter|pregnancy|contraception|gynecologist
6,Heat (1995),1995-12-15,170,60000000,Action|Crime|Thriller,"Obsessive master thief, Neil McCauley leads a top-notch crew on various daring heists throughout Los Angeles while determined detective, Vincent Hanna pursues him without rest. Each man recognizes and respects the ability and the dedication of the other even though they are aware their cat-and-mouse game may end in violence.",A Los Angeles Crime Saga,11.622896,187436818,Michael Mann,Al Pacino|Robert De Niro|Val Kilmer|Jon Voight|Tom Sizemore,robbery|detective|obsession|chase|thief|honor|murder|suspense|heist|betrayal|gang|los angeles|cat and mouse|criminal mastermind|cult film|ex-con|heist movie|one last job|loner|bank job|neo-noir|crime epic
7,Sabrina (1995),1995-12-15,127,58000000,Comedy|Romance,"An ugly duckling having undergone a remarkable change, still harbors feelings for her crush: a carefree playboy, but not before his business-focused brother has something to say about it.",You are cordially invited to the most surprising merger of the year.,7.397638,0,Sydney Pollack,Harrison Ford|Julia Ormond|Greg Kinnear|Angie Dickinson|Nancy Marchand,paris|sibling relationship|chauffeur|long island|fusion|millionaire
8,Tom and Huck (1995),1995-12-22,97,0,Adventure|Children,"A mischievous young boy, Tom Sawyer, witnesses a murder by the deadly Injun Joe. Tom becomes friends with Huckleberry Finn, a boy with no future and no family. Tom has to choose between honoring a friendship or honoring an oath because the town alcoholic is accused of the murder. Tom and Huck go through several adventures trying to retrieve evidence.",The Original Bad Boys.,3.222456,0,Peter Hewitt,Jonathan Taylor Thomas|Brad Renfro|Rachael Leigh Cook|Michael McShane|Amy Wright,
9,Sudden Death (1995),1995-10-27,106,35000000,Action,"International action superstar Jean Claude Van Damme teams with Powers Boothe in a Tension-packed, suspense thriller, set against the back-drop of a Stanley Cup game.Van Damme portrays a father whose daughter is suddenly taken during a championship hockey game. With the captors demanding a billion dollars by game's end, Van Damme frantically sets a plan in motion to rescue his daughter and abort an impending explosion before the final buzzer...",Terror goes into overtime.,6.106837,64350171,Peter Hyams,Jean-Claude Van Damme|Powers Boothe|Dorian Harewood|Raymond J. Barry|Ross Malinger,terrorist|hostage|explosive|vice president
10,GoldenEye (1995),1995-11-16,130,58000000,Action|Adventure|Thriller,James Bond must unmask the mysterious head of the Janus Syndicate and prevent the leader from utilizing the GoldenEye weapons system to inflict devastating revenge on Britain.,No limits. No fears. No substitutes.,22.864403,352194034,Martin Campbell,Pierce Brosnan|Sean Bean|Izabella Scorupco|Famke Janssen|Joe Don Baker,cuba|falsely accused|secret identity|computer virus|secret base|secret intelligence service|kgb|satellite|special car|cossack|electromagnetic pulse|time bomb|st. petersburg russia|red army
11,"American President, The (1995)",1995-11-17,106,62000000,Comedy|Drama|Romance,"Widowed U.S. president Andrew Shepherd, one of the world's most powerful men, can have anything he wants -- and what he covets most is Sydney Ellen Wade, a Washington lobbyist. But Shepherd's attempts at courting her spark wild rumors and decimate his approval ratings.",Why can't the most powerful man in the world have the one thing he wants most?,7.27125,107879496,Rob Reiner,Michael Douglas|Annette Bening|Michael J. Fox|Martin Sheen|Anna Deavere Smith,white house|usa president|new love|widower|wildlife conservation
12,Dracula: Dead and Loving It (1995),1995-12-22,88,0,Comedy|Horror,"When a lawyer shows up at the vampire's doorstep, he falls prey to his charms and joins him in his search for fresh blood. Enter Dr. van Helsing, who may be the only one able to vanquish the count.",,6.758243,0,Mel Brooks,Leslie Nielsen|Mel Brooks|Amy Yasbeck|Peter MacNicol|Lysette Anthony,dracula|spoof
13,Balto (1995),1995-12-22,78,0,Adventure|Animation|Children,"An outcast half-wolf risks his life to prevent a deadly epidemic from ravaging Nome, Alaska.",Part Dog. Part Wolf. All Hero.,8.534071,11348324,Simon Wells,Kevin Bacon|Bob Hoskins|Bridget Fonda|Jim Cummings|Phil Collins,wolf|pet|dog-sledding race|alaska|dog|goose|bear attack|dog sled|frozen lake
14,Nixon (1995),1995-12-22,192,44000000,Drama,"An all-star cast powers this epic look at American President Richard M. Nixon, a man carrying the fate of the world on his shoulders while battling the self-destructive demands within. Spanning his troubled boyhood in California to the shocking Watergate scandal that would end his presidency.","Triumphant in Victory, Bitter in Defeat. He Changed the World, But Lost a Nation.",4.8336,13681765,Oliver Stone,Anthony Hopkins|Joan Allen|Powers Boothe|Ed Harris|Bob Hoskins,usa president|presidential election|watergate scandal|biography|government|historical figure
15,Cutthroat Island (1995),1995-12-22,119,98000000,Action|Adventure|Romance,"Morgan Adams and her slave, William Shaw, are on a quest to recover the three portions of a treasure map. Unfortunately, the final portion is held by her murderous uncle, Dawg. Her crew is skeptical of her leadership abilities, so she must complete her quest before they mutiny against her. This is made yet more difficult by the efforts of the British crown to end her pirate raids.",The Course Has Been Set. There Is No Turning Back. Prepare Your Weapons. Summon Your Courage. Discover the Adventure of a Lifetime!,7.98547,10017322,Renny Harlin,Geena Davis|Matthew Modine|Frank Langella|Maury Chaykin|Patrick Malahide,exotic island|treasure|map|ship|scalp|pirate
16,Casino (1995),1995-11-22,178,52000000,Crime|Drama,The life of the gambling paradise – Las Vegas – and its dark mafia underbelly.,No one stays at the top forever.,10.435162,116112375,Martin Scorsese,Robert De Niro|Sharon Stone|Joe Pesci|James Woods|Don Rickles,poker|drug abuse|1970s|overdose|mafia|illegal prostitution|1980s
17,Sense and Sensibility (1995),1995-12-13,136,16500000,Drama|Romance,"Rich Mr. Dashwood dies, leaving his second wife and her daughters poor by the rules of inheritance. Two daughters are the titular opposites.",Lose your heart and come to your senses.,8.45943,135000000,Ang Lee,Kate Winslet|Emma Thompson|Hugh Grant|Tom Wilkinson|Alan Rickman,bowling|based on novel|servant|country life|jane austen|inheritance|rural setting|military officer|period drama|rainstorm|horse and carriage|decorum|19th century|devon
18,Four Rooms (1995),1995-12-09,98,4000000,Comedy,It's Ted the Bellhop's first night on the job...and the hotel's very unusual guests are about to place him in some outrageous predicaments. It seems that this evening's room service is serving up one unbelievable happening after another.,"Twelve outrageous guests. Four scandalous requests. And one lone bellhop, in his first day on the job, who's in for the wildest New year's Eve of his life.",9.513253,4300000,Allison Anders|Alexandre Rockwell|Robert Rodriguez|Quentin Tarantino,Tim Roth|Antonio Banderas|Jennifer Beals|Madonna|Marisa Tomei,hotel|new year's eve|witch|bet|hotel room|sperm|anthology|los angeles|hoodlum|woman director
19,Ace Ventura: When Nature Calls (1995),1995-11-10,90,30000000,Comedy,"Summoned from an ashram in Tibet, Ace finds himself on a perilous journey into the jungles of Africa to find Shikaka, the missing sacred animal of the friendly Wachati tribe. He must accomplish this before the wedding of the Wachati's Princess to the prince of the warrior Wachootoos. If Ace fails, the result will be a vicious tribal war.",New animals. New adventures. Same hair.,13.085057,212385533,Steve Oedekerk,Jim Carrey|Ian McNeice|Simon Callow|Maynard Eziashi|Bob Gunton,africa|indigenous|human animal relationship|bat
20,Money Train (1995),1995-11-21,103,60000000,Action|Comedy|Crime|Drama|Thriller,"A vengeful New York transit cop decides to steal a trainload of subway fares; his foster brother, a fellow cop, tries to protect him.","Get on, or GET OUT THE WAY!",7.09181,77224232,Joseph Ruben,Wesley Snipes|Woody Harrelson|Jennifer Lopez|Robert Blake|Chris Cooper,sibling relationship|subway|new york city|new york subway|train robbery
21,Get Shorty (1995),1995-10-20,105,30250000,Comedy|Crime|Thriller,"Chili Palmer is a Miami mobster who gets sent by his boss, the psychopathic ""Bones"" Barboni, to collect a bad debt from Harry Zimm, a Hollywood producer who specializes in cheesy horror films. When Chili meets Harry's leading lady, the romantic sparks fly. After pitching his own life story as a movie idea, Chili learns that being a mobster and being a Hollywood producer really aren't all that different.","The mob is tough, but it’s nothing like show business.",10.217069,115101622,Barry Sonnenfeld,John Travolta|Gene Hackman|Rene Russo|Danny DeVito|Dennis Farina,gambling|miami|based on novel|gangster|job|murder|travel|mafia|money|debt|mobster|business|hollywood|crime|violence|drugs|producer|con
22,Copycat (1995),1995-10-27,124,0,Crime|Drama|Horror|Mystery|Thriller,An agoraphobic psychologist and a female detective must work together to take down a serial killer who copies serial killers from the past.,"One man is copying the most notorious killers in history one at a time. Together, two women must stop him from killing again. Or they're next.",9.331196,0,Jon Amiel,Sigourney Weaver|Holly Hunter|Will Patton|William McNamara|Harry Connick Jr.,police brutality|psychology|police operation|police protection|serial killer|psychologist|cowardliness
23,Assassins (1995),1995-10-06,132,50000000,Action|Crime|Thriller,"Assassin Robert Rath arrives at a funeral to kill a prominent mobster, only to witness a rival hired gun complete the job for him -- with grisly results. Horrified by the murder of innocent bystanders, Rath decides to take one last job and then return to civilian life. But finding his way out of the world of contract killing grows ever more dangerous as Rath falls for his female target and becomes a marked man himself.","In the shadows of life, In the business of death, One man found a reason to live...",9.604049,30303072,Richard Donner,Sylvester Stallone|Antonio Banderas|Julianne Moore|Anatoli Davydov|Muse Watson,competition|assassination|cia|bank|cat|mexican standoff|seattle|hitman|mission of murder|hidden camera|rivalry|rescue|shootout|police chase|sniper rifle|detroit|silencer|double cross|caribbean
24,Powder (1995),1995-10-27,111,0,Drama|Sci-Fi,"Harassed by classmates who won't accept his shocking appearance, a shy young man known as ""Powder"" struggles to fit in. But the cruel taunts stop when Powder displays a mysterious power that allows him to do incredible things. This phenomenon changes the lives of all those around him in ways they never could have imagined.",An extraordinary encounter with another human being.,6.912376,0,Victor Salva,Mary Steenburgen|Sean Patrick Flanery|Lance Henriksen|Jeff Goldblum|Brandon Smith,dead animal|shot to death|teenage boy|held at gunpoint|teacher student relationship|albino|fainting|jacobs ladder|christ allegory|psionic power|healing power|looking pale|flickering light|extrasensory perception
25,Leaving Las Vegas (1995),1995-10-27,112,3600000,Drama|Romance,"Ben Sanderson, an alcoholic Hollywood screenwriter who lost everything because of his drinking, arrives in Las Vegas to drink himself to death. There, he meets and forms an uneasy friendship and non-interference pact with prostitute Sera.",I Love You... The Way You Are.,6.818282,49800000,Mike Figgis,Nicolas Cage|Elisabeth Shue|Julian Sands|Richard Lewis|Steven Weber,individual|prostitute|alcohol|casino|love at first sight|lovesickness|movie business|screenwriter|hotel room|dying and death|rage and hate|unsociability|alcoholism|los angeles|las vegas|alcohol abuse
26,Othello (1995),1995-12-15,123,0,Drama,The evil Iago pretends to be friend of Othello in order to manipulate him to serve his own end in the film version of this Shakespeare classic.,"Envy, greed, jealousy and love.",3.725128,0,Oliver Parker,Laurence Fishburne|Irène Jacob|Kenneth Branagh|Nathaniel Parker|Michael Maloney,shakespeare|jealousy|friends|moor
27,Now and Then (1995),1995-10-20,100,12000000,Children|Drama,"Waxing nostalgic about the bittersweet passage from childhood to puberty in this tender coming-of-age tale, four childhood girlfriends -- Teeny, Chrissy, Samantha and Roberta -- recall the magical summer of 1970. During their walk down memory lane, they reconcile experiences with boys, secrets, bullies and more.",In every woman there is the girl she left behind.,4.812211,27400000,Lesli Linka Glatter,Christina Ricci|Thora Birch|Gaby Hoffmann|Ashleigh Aston Moore|Rosie O'Donnell,1970s|female friendship|coming of age|gynecologist|photocopier|truth or dare|woman director
28,Persuasion (1995),1995-09-27,104,0,Drama|Romance,"This film adaptation of Jane Austen's last novel follows Anne Elliot, the daughter of a financially troubled aristocratic family, who is persuaded to break her engagement to Frederick Wentworth, a young sea captain of meager means. Years later, money troubles force Anne's father to rent out the family estate to Admiral Croft, and Anne is again thrown into company with Frederick -- who is now rich, successful and perhaps still in love with Anne.",,3.39215,0,Roger Michell,Amanda Root|Ciarán Hinds|Susan Fleetwood|Fiona Shaw|John Woodvine,captain|napoleonic wars|old flame|admiral
29,"City of Lost Children, The (Cité des enfants perdus, La) (1995)",1995-05-16,108,18000000,Adventure|Drama|Fantasy|Mystery|Sci-Fi,"A scientist in a surrealist society kidnaps children to steal their dreams, hoping that they slow his aging process.",Where happily ever after is just a dream.,8.555777,1738611,Jean-Pierre Jeunet|Marc Caro,Ron Perlman|Dominique Pinon|Judith Vittet|Daniel Emilfork|Jean-Claude Dreyfus,clone|dream|island|eye|dystopia|aging|friendship|rescue|children|girl|childhood
30,Shanghai Triad (Yao a yao yao dao waipo qiao) (1995),1995-04-30,108,0,Crime|Drama,A provincial boy related to a Shanghai crime family is recruited by his uncle into cosmopolitan Shanghai in the 1930s to be a servant to a ganglord's mistress.,In 1930's Shanghai violence was not the problem. It was the solution.,1.277896,0,Zhang Yimou,Gong Li|Li Bao-Tian|Wang Xiaoxiao,servant|cabaret|shanghai|diva|uncle|mistress|umbrella
31,Dangerous Minds (1995),1995-08-11,99,23000000,Drama,"Former Marine Louanne Johnson lands a gig teaching in a pilot program for bright but underachieving teens at a notorious inner-city high school. After having a terrible first day, she decides she must throw decorum to the wind. When Johnson returns to the classroom, she does so armed with a no-nonsense attitude informed by her military training and a fearless determination to better the lives of her students -- no matter what the cost.",She broke the rules... and changed their lives.,6.591613,179519401,John N. Smith,Michelle Pfeiffer|George Dzundza|Courtney B. Vance|Robin Bartlett|John Neville,rap music|karate|high school|naval officer|teacher|amusement park
32,Twelve Monkeys (a.k.a. 12 Monkeys) (1995),1995-12-29,129,29500000,Mystery|Sci-Fi|Thriller,"In the year 2035, convict James Cole reluctantly volunteers to be sent back in time to discover the origin of a deadly virus that wiped out nearly all of the earth's population and forced the survivors into underground communities. But when Cole is mistakenly sent to 1990 instead of 1996, he's arrested and locked up in a mental hospital. There he meets psychiatrist Dr. Kathryn Railly, and patient Jeffrey Goines, the son of a famous virus expert, who may hold the key to the mysterious rogue group, the Army of the 12 Monkeys, thought to be responsible for unleashing the killer disease.",The future is history.,19.445586,168840000,Terry Gilliam,Bruce Willis|Madeleine Stowe|Brad Pitt|Christopher Plummer|David Morse,schizophrenia|philadelphia|cassandra syndrom|stockholm syndrome|time travel|post-apocalyptic|dystopia|lethal virus|monkey|cult film|subterranean
34,Babe (1995),1995-07-18,89,30000000,Children|Drama,"Babe is a little pig who doesn't quite know his place in the world. With a bunch of odd friends, like Ferdinand the duck who thinks he is a rooster and Fly the dog he calls mom, Babe realizes that he has the makings to become the greatest sheep pig of all time, and Farmer Hogget knows it. With the help of the sheep dogs Babe learns that a pig can be anything that he wants to be.",A little pig goes a long way.,6.421938,254134910,Chris Noonan,Christine Cavanaugh|Miriam Margolyes|Danny Mann|Hugo Weaving|Miriam Flynn,alarm clock|cat|duck|sheep|pig|farm|affection|piglet|heroism|talking animal|dog|separation|german shepherd|farmer|grandson|sheepdog|talking pig
35,Carrington (1995),1995-05-25,121,0,Drama|Romance,"The story of the relationship between painter Dora Carrington and author Lytton Strachey in a World War One England of cottages and countryside. Although platonic due to Strachey's homosexuality, the relationship was nevertheless a deep and complicated one. When Carrington did develop a more physical relationship with soldier Ralph Partridge, Strachey was able to welcome him as a friend, although Partridge remained somewhat uneasy, not so much with Strachey's lifestyle and sexual orientation as with the fact that he was a conscientious objector.",A Love so Unusual it has to be True,1.352213,0,Christopher Hampton,Emma Thompson|Jonathan Pryce|Steven Waddington|Samuel West|Rufus Sewell,england|painter|conscientious objector|independent film|soldier
36,Dead Man Walking (1995),1995-12-29,122,11000000,Crime|Drama,A justice drama based on a true story about a man on death row who in his last days forms a strong relationship with a nun who teaches him forgiveness and gives him spirituality as she accompanies him to his execution.,,8.805664,39363635,Tim Robbins,Susan Sarandon|Sean Penn|Robert Prosky|Raymond J. Barry|R. Lee Ermey,prison|rape|socially deprived family|penalty|death penalty|despair|death row|therapist|self-discovery|prison cell|court case|death sentence|doomed man|sentence|lethal injection|forgiveness|charity|mercy petition|rage and hate|unsociability|right and justice|court|electric chair|cowardliness
37,Across the Sea of Time (1995),1995-10-20,51,0,Documentary|IMAX,"A young Russian boy, Thomas Minton, travels to New York as a passenger on a Russian freighter. Close to Ellis Island he gets off and thus starts his journey to America the same way as all immigrants in former times. Thomas is searching for the family of one of his ancestors, who had emigrated decades ago, but once sent a letter home together with a sample of his new profession: 3D-Photography. The boy follows his relative's traces by counter-checking the old 3D-Photographs of New York (using an antique viewer) with the same places and how they look today. This way, the audience gets to see the Big Apple in former times as well as today.",,0.402882,0,Stephen Low,Peter Reznick|John McDonough|Avi Hoffman|Matt Malloy,
38,It Takes Two (1995),1995-11-17,101,0,Children|Comedy,"Identical 9-year-olds from very different backgrounds: orphaned Amanda and wealthy Alyssa meet at summer camp and decide to switch places -- and play matchmaker between Alyssa's dad, Roger, and the kind social worker who cares for Amanda.",Two identical strangers. Two different worlds. One perfect match.,5.382257,0,Andy Tennant,Kirstie Alley|Steve Guttenberg|Ashley Olsen|Mary-Kate Olsen|Jane Sibbett,matchmaking|orphan|identical twin|relationship sabotage
39,Clueless (1995),1995-07-19,97,12000000,Comedy|Romance,"Shallow, rich and socially successful Cher is at the top of her Beverly Hills high school's pecking scale. Seeing herself as a matchmaker, Cher first coaxes two teachers into dating each other. Emboldened by her success, she decides to give hopelessly klutzy new student Tai a makeover. When Tai becomes more popular than she is, Cher realizes that her disapproving ex-stepbrother was right about how misguided she was -- and falls for him.",Sex. Clothes. Popularity. Is there a problem here?,8.856838,56631572,Amy Heckerling,Alicia Silverstone|Stacey Dash|Brittany Murphy|Paul Rudd|Donald Faison,puberty|high school|make a match|spoiled child|gay interest|conflict|woman director
40,"Cry, the Beloved Country (1995)",1995-12-15,106,0,Drama,A South-African preacher goes to search for his wayward son who has committed a crime in the big city.,,1.423219,676525,Darrell James Roodt,James Earl Jones|Charles S. Dutton|Jack Robinson,south africa
41,Richard III (1995),1995-12-29,104,0,Drama|War,Shakespeare's Play transplanted into a 1930s setting.,"I can smile, and murder while I smile",4.238804,0,Richard Loncraine,Ian McKellen|Annette Bening|Jim Broadbent|Kristin Scott Thomas|Adrian Dunbar,england|shakespeare|kidnapping|murder|king
42,Dead Presidents (1995),1995-10-06,119,10000000,Action|Crime|Drama,"Depicts a heist of old bills, retired from circulation and destined by the government to be ""money to burn"". However, more broadly, it addresses the issues of Black Americans' involvement in the Vietnam War and their subsequent disillusionment with progress in social issues and civil rights back home in the United States, during the 1960s.","In this daring heist, the only color that counts is green",8.977703,0,Albert Hughes|Allen Hughes,Larenz Tate|Keith David|Chris Tucker|Freddy Rodríguez|Rose Jackson,war veteran|vietnam|heist|money|african american|loss of virginity|redemption|revolutinoary|mercy killing|armored truck|medic|1960s|ptsd
43,Restoration (1995),1995-12-29,117,19000000,Drama,"An aspiring young physician, Robert Merivel found himself in the service of King Charles II and saves the life of someone close to the King. Merivel joins the King's court and lives the high life provided to someone of his position. Merivel is ordered to marry his King's mistress in order to divert the queens suspicions. He is given one order by the king and that is not to fall in love. The situation worsens when Merivel finds himself in love with his new wife. Eventually, the King finds out and relieves Merivel of his position and wealth. His fall from grace leaves Merivel where he first started. And through his travels and reunions with an old friend, he rediscovers his love for true medicine and what it really means to be a physician.",,3.507346,0,Michael Hoffman,Robert Downey Jr.|Meg Ryan|Sam Neill|David Thewlis|Hugh Grant,jealousy|medicine|fountain|court|wealth|spaniel|gloves|17th century|british monarchy
44,Mortal Kombat (1995),1995-08-18,101,18000000,Action|Adventure|Fantasy,"For nine generations an evil sorcerer has been victorious in hand-to-hand battle against his mortal enemies. If he wins a tenth Mortal Kombat tournament, desolation and evil will reign over the multiverse forever. To save Earth, three warriors must overcome seemingly insurmountable odds, their own inner demons, and superhuman foes in this action/adventure movie based on one of the most popular video games of all time.",Nothing In This World Has Prepared You For This.,7.165465,122195920,Paul W.S. Anderson,Christopher Lambert|Robin Shou|Linden Ashby|Cary-Hiroyuki Tagawa|Bridgette Wilson,martial arts|monster|island|gore|sorcerer|tournament|violence|based on video game|hand to hand combat
45,To Die For (1995),1995-09-22,106,20000000,Comedy|Drama|Thriller,"Suzanne Stone (Maretto) wants to be a world-famous news anchor and she is willing to do anything to get what she wants. What she lacks in intelligence, she makes up for in cold determination and diabolical wiles. As she pursues her goal with relentless focus, she is forced to destroy anything and anyone that may stand in her way, regardless of the ultimate cost or means necessary.",All she wanted was a little attention.,6.024508,21284514,Gus Van Sant,Nicole Kidman|Matt Dillon|Joaquin Phoenix|Casey Affleck|Illeana Douglas,adultery|winter|obsession|television|new hampshire|narcissistic personality disorder|gay director
46,How to Make an American Quilt (1995),1995-10-06,116,10000000,Drama|Romance,"Soon-to-be-wed graduate student Finn Dodd develops cold feet when she suspects her fiancé is cheating on her. In order to clear her head, Finn visits her grandmother, Hy, and great aunt, Glady Joe Cleary, in Grasse, Calif. There, Finn learns that Hy and Glady Joe are members of a group of passionate quilters, and over the course of her visit she is regaled with tales of love and life by women who have collected rich experiences and much wisdom.",There's beauty in the patterns of life.,3.249645,23574130,Jocelyn Moorhouse,Winona Ryder|Anne Bancroft|Ellen Burstyn|Kate Nelligan|Jean Simmons,wedding vows|marriage proposal|married couple|monogamy|advice|marriage|quilt|love|family holiday|extramarital affair|grandmother|woman director
47,Seven (a.k.a. Se7en) (1995),1995-09-22,127,33000000,Mystery|Thriller,"Two homicide detectives are on a desperate hunt for a serial killer whose crimes are based on the ""seven deadly sins"" in this dark and haunting film that takes viewers from the tortured remains of one victim to the next. The seasoned Det. Sommerset researches each sin in an effort to get inside the killer's mind, while his novice partner, Mills, scoffs at his efforts to unravel the case.",Seven deadly sins. Seven ways to die.,35.633202,327311859,David Fincher,Brad Pitt|Morgan Freeman|Gwyneth Paltrow|John C. McGinley|Kevin Spacey,self-fulfilling prophecy|detective|s.w.a.t.|drug dealer|evisceration|lust and impulsiveness|rage and hate|pride and vanity|immoderateness|insomnia|investigation|pension|police|serial killer
48,Pocahontas (1995),1995-06-14,81,55000000,Animation|Children|Drama|Musical|Romance,"History comes gloriously to life in Disney's epic animated tale about love and adventure in the New World. Pocahontas is a Native American woman whose father has arranged for her to marry her village's best warrior. But a vision tells her change is coming, and soon she comes face to face with it in the form of Capt. John Smith.",An American legend comes to life.,11.881083,346079773,Mike Gabriel|Eric Goldberg,Irene Bedard|Mel Gibson|David Ogden Stiers|John Kassir|Russell Means,culture clash|settler|forbidden love|colony|musical|song|gold rush|princess|romance|native american|animation|virginia|star crossed lovers|jamestown virginia|pug dog|cross cultural relationship|musket|animate tree|indian chief|based on myths or folklore|17th century|shamanism|indians vs. settlers|animal sidekick|powhatan|land claim
49,When Night Is Falling (1995),1995-05-05,96,0,Drama|Romance,"A prudish woman, working on tenure as a literacy professor at a large urban university, finds herself strangely attracted to a free-spirited, liberal woman whom works at a local carnival which comes to town.",,1.849005,0,Patricia Rozema,Pascale Bussières|Rachael Crawford|Henry Czerny|Don McKellar,professor|lgbt|woman director|lesbian director
50,"Usual Suspects, The (1995)",1995-07-19,106,6000000,Crime|Mystery|Thriller,"Held in an L.A. interrogation room, Verbal Kint attempts to convince the feds that a mythic crime lord, Keyser Soze, not only exists, but was also responsible for drawing him and his four partners into a multi-million dollar heist that ended with an explosion in San Pedro harbor – leaving few survivors. Verbal lures his interrogators with an incredible story of the crime lord's almost supernatural prowess.",Five Criminals. One Line Up. No Coincidence.,23.193865,23341568,Bryan Singer,Stephen Baldwin|Gabriel Byrne|Chazz Palminteri|Kevin Pollak|Pete Postlethwaite,law|relatives|theft|criminal|criminal mastermind|hungarian|sibling
52,Mighty Aphrodite (1995),1995-09-13,95,15000000,Comedy|Drama|Romance,"When Lenny and his wife, Amanda, adopt a baby, Lenny realizes that his son is a genius and becomes obsessed with finding the boy's biological mother in hopes that she will be brilliant too. But when he learns that Max's mother is Linda Ash, a kindhearted prostitute and porn star, Lenny is determined to reform her immoral lifestyle. A Greek chorus chimes in to relate the plot to Greek mythology in this quirky comedy.",,7.503714,6700000,Woody Allen,Woody Allen|Mira Sorvino|Helena Bonham Carter|F. Murray Abraham|Donald Symington,prostitute|adoption|adoptive father|childlessness|looking for  birth parents|adoptive mother|independent film|illegal prostitution|child
53,Lamerica (1994),1994-01-01,116,0,Adventure|Drama,"Fiore, an Italian conman, arrives in post Communist Albania with Gino, his young apprentice, to set up a shoe factory that will never open. The con requires a native Albanian, so they designate Spiro, an impoverished and confused former political prisoner as chairman of the board. When Fiore returns to Italy to get government funds for the project, Spiro unexpectedly disappears and Gino sets out on a journey to find him. The search leads him to discover Spiro's tragic personal history and witness Albanian poverty firsthand.",,0.739028,0,Gianni Amelio,Enrico Lo Verso|Michele Placido|Piro Milkani|Carmelo Di Mazzarelli,independent film
54,"Big Green, The (1995)",1995-09-29,100,0,Children|Comedy,"In a depressed Texas town, British foreign exchange teacher Anna attempts to inject some life into her hopeless kids by introducing them to soccer. They're terrible at first, but Anna and her football-hero assistant whip them into shape. As they work overtime, the pair help kids build their self-esteem and also get involved in solving family squabbles.",The biggest kick of the year!,2.858002,0,Holly Goldberg Sloan,Steve Guttenberg|Olivia d'Abo|Jay O. Sanders|John Terry|Bug Hall,sport|kids and family|soccer|woman director
55,Georgia (1995),1995-05-19,115,0,Drama,"Sadie looks up to her older sister Georgia, a successful folk singer who's happily married with children, but can't break out of the bar-band circuit and hit the big time she desperately covets. It's in part due to her attraction to drugs and booze, and also to her own unwise choice in men. Finally, though, Sadie's Achilles heel is a rough, unlovely voice very different than her sister's crowd-pleasing singing.",The toughest act to follow was their dreams.,1.667733,0,Ulu Grosbard,Jennifer Jason Leigh|Mare Winningham|Ted Levine|Max Perlich|John Doe,alcohol|artist|music|drugs|band
57,Home for the Holidays (1995),1995-11-02,103,0,Drama,"After losing her job, making out with her soon to be ex-boss, and finding out that her daughter plans to spend Thanksgiving with her boyfriend, Claudia Larson has to face spending the holiday with her family. She wonders if she can survive their crazy antics.",We'll do it every year... until we get it right.,4.858851,17519169,Jodie Foster,Holly Hunter|Robert Downey Jr.|Anne Bancroft|Charles Durning|Claire Danes,generations conflict|baltimore|thanksgiving|family clan|family conflict|woman director
58,"Postman, The (Postino, Il) (1994)",1994-09-22,108,0,Comedy|Drama|Romance,Simple Italian postman learns to love poetry while delivering mail to a famous poet; he uses this to woo local beauty Beatrice.,,7.60104,0,Michael Radford|Massimo Troisi,Philippe Noiret|Massimo Troisi|Maria Grazia Cucinotta|Renato Scarpa|Linda Moretti,island|letter|postman|fisherman|poet
59,"Confessional, The (Confessionnal, Le) (1995)",1995-09-29,100,0,Drama|Mystery,"The year is 1952, in Quebec City. Rachel (16), unmarried and pregnant, works in the church. Filled with shame, she unburdens her guilt to a young priest, under the confidentiality of the confessional. In the present year of 1989, Pierre Lamontagne has returned to Quebec to attend his father's funeral. He meets up with his adopted brother, Marc, who has begun questioning his identity and has embarked on a quest for his roots that would lead them to the Quebec of the 1950s. Past and present converge in a complex web of intrigue where the answer to the mystery lies.",,0.527218,0,Robert Lepage,Lothaire Bluteau|Patrick Goyette|Jean-Louis Millette|Kristin Scott Thomas|Ron Burrage,
60,"Indian in the Cupboard, The (1995)",1995-07-14,96,45000000,Adventure|Children|Fantasy,A nine-year-old boy gets a plastic Indian and a cupboard for his birthday and finds himself involved in adventure when the Indian comes to life and befriends him.,,8.786763,0,Frank Oz,Hal Scardino|Litefoot|Lindsay Crouse|Richard Jenkins|Rishi Bhat,cupboard|games|puppet|parallel world|toy comes to life
61,Eye for an Eye (1996),1996-01-12,101,20000000,Drama|Thriller,"It's fire and brimstone time as grieving mother Karen McCann takes justice into her own hands when a kangaroo court in Los Angeles fails to convict Robert Doob, the monster who raped and murdered her 17-year-old daughter.",What do you do when justice fails?,7.628981,26877589,John Schlesinger,Sally Field|Kiefer Sutherland|Ed Harris|Beverly D'Angelo|Charlayne Woodard,rape|gun|self-defense|grieving parents
62,Mr. Holland's Opus (1995),1995-12-29,137,0,Drama,"In 1965, passionate musician Glenn Holland takes a day job as a high school music teacher, convinced it's just a small obstacle on the road to his true calling: writing a historic opus. As the decades roll by with the composition unwritten but generations of students inspired through his teaching, Holland must redefine his life's purpose.","Of All the Lives He Changed, the One That Changed the Most Was His Own.",5.469488,106269971,Stephen Herek,Richard Dreyfuss|Glenne Headly|Jay Thomas|Olympia Dukakis|William H. Macy,composer|mentor|deaf-mute|musical|apprentice|private life|music|disabled
63,Don't Be a Menace to South Central While Drinking Your Juice in the Hood (1996),1996-01-12,89,0,Comedy|Crime,"When Ashtray (Shawn Wayans) moves to South Central L.A. to live with his father (who appears to be the same age he is) and grandmother (who likes to talk tough and smoke reefer), he falls in with his gang-banging cousin Loc Dog (Marlon Wayans), who along with the requisite pistols and Uzi carries a thermo-nuclear warhead for self-defense. Will Ashtray be able to keep living the straight life?","Finally, the movie that proves that Justice isn't always Poetic, Jungle Fever isn't always pretty, and Higher Learning can be a waste of time.",7.552824,0,Paris Barclay,Shawn Wayans|Marlon Wayans|Tracey Cherelle Jones|Chris Spencer|Vivica A. Fox,date|slang|hip-hop|gangster|cousin|parody|hood|gang|social satire|racism
64,Two if by Sea (1996),1996-01-12,96,0,Comedy|Romance,"Frank O'Brien, a petty thief, and his 7-year-long girlfriend Roz want to put an end to their unsteady lifestyle and just do that last job, which involves stealing a valuable painting. Frank takes Roz to an island on the coast of New England, where he wants to sell the painting and also hopes that their sagging relationship will get a positive push back up. Not everything goes as planned.","A new comedy about love, laughter, and larceny",2.107966,0,Bill Bennett,Sandra Bullock|Denis Leary|Yaphet Kotto|Stephen Dillane|Tracey Cherelle Jones,island|painting|thief|seasickness
65,Bio-Dome (1996),1996-01-12,88,15000000,Comedy,"Bud and Doyle are two losers who are doing nothing with their lives. Both of their girlfriends are actively involved in saving the environment, but the two friends couldn't care less about saving the Earth. One day, when a group of scientists begin a mission to live inside a ""Bio-Dome"" for a year without outside contact, Bud and Doyle mistakenly become part of the project themselves.",Bud and Doyle are here to save the world. But who's gonna save the world from Bud and Doyle?,6.061667,0,Jason Bloom,Pauly Shore|Stephen Baldwin|Joey Lauren Adams|Teresa Hill|William Atherton,biotope|vegetarian|pollution
66,Lawnmower Man 2: Beyond Cyberspace (1996),1996-01-12,92,0,Action|Sci-Fi|Thriller,"Jobe is resuscitated by Jonathan Walker. He wants Jobe to create a special computer chip that would connect all the computers in the world into one network, which Walker would control and use. But what Walker doesn't realize is a group of teenage hackers are on to him and out to stop his plan.","God made him simple. Science made him a god. Now, he wants revenge.",4.087469,2409225,Farhad Mann,Patrick Bergin|Matt Frewer|Austin O'Brien|Ely Pouget|Camille Cooper,hacker|virtual reality|computer|sword fight
68,French Twist (Gazon maudit) (1995),1995-02-08,95,0,Comedy|Romance,"After learning of her husband's infidelities, a housewife invites an itinerant lesbian to move in with them. None of their lives will ever be the same again.",A scorned wife. An outrageous affair. The perfect revenge.,3.714658,0,Josiane Balasko,Victoria Abril|Josiane Balasko|Alain Chabat|Ticky Holgado|Catherine Hiegel,love triangle|southern france|estate agent|menage a trois|van|woman director
69,Friday (1995),1995-04-26,91,3500000,Comedy,"Craig and Smokey are two guys in Los Angeles hanging out on their porch on a Friday afternoon, smoking and drinking, looking for something to do.",A lot can go down between thursday and saturday...,8.078564,28215918,F. Gary Gray,Ice Cube|Chris Tucker|Nia Long|Tom Lister Jr.|John Witherspoon,rap music|parent child relationship|rapper|job
70,From Dusk Till Dawn (1996),1996-01-19,108,19000000,Action|Comedy|Horror|Thriller,"Seth Gecko and his younger brother Richard are on the run after a bloody bank robbery in Texas. They escape across the border into Mexico and will be home-free the next morning, when they pay off the local kingpin. They just have to survive 'from dusk till dawn' at the rendezvous point, which turns out to be a Hell of a strip joint.",One night is all that stands between them and freedom. But it's going to be a hell of a night.,21.994719,25836616,Robert Rodriguez,George Clooney|Quentin Tarantino|Harvey Keitel|Juliette Lewis|Ernest Liu,dancing|sibling relationship|showdown|sheriff|bank robber|vampire|holy water|siege|stripper|priest|extreme violence|bank robbery|preacher|hostage situation|crucifix|recreational vehicle|convenience store|mexican american border|boa constrictor
71,Fair Game (1995),1995-11-03,91,50000000,Action,"Max Kirkpatrick is a cop who protects Kate McQuean, a civil law attorney, from a renegade KGB team out to terminate her",He's a cop on the edge. She's a woman with a dangerous secret. And now they're both...,4.991649,11534477,Andrew Sipes,William Baldwin|Cindy Crawford|Steven Berkoff|Christopher McDonald|Miguel Sandoval,bomb|miami|sex|detective|handcuffs|based on novel|hostage|fbi|kidnapping|russian|kgb|chase|sadism|parking garage|pizza|police protection|psychopath|remake|car crash|conspiracy|on the run|fugitive|shootout|gunfight|sadist|foot chase|police detective|police station|car chase|held at gunpoint|fbi agent|double cross|cult film|computer hacker|machine gun|swat team|grenade launcher|underwater scene|rogue agent|woman lawyer|damsel in distress
72,Kicking and Screaming (1995),1995-10-06,96,0,Comedy|Drama,"After college graduation, Grover's girlfriend Jane tells him she's moving to Prague to study writing. Grover declines to accompany her, deciding instead to move in with several friends, all of whom can't quite work up the inertia to escape their university's pull. Nobody wants to make any big decisions that would radically alter his life, yet none of them wants to end up like Chet, the professional student who tends bar and is in his tenth year of university studies.",Anxiety loves company.,2.816329,718490,Noah Baumbach,Josh Hamilton|Olivia d'Abo|Carlos Jacott|Eric Stoltz|Chris Eigeman,college
73,"Misérables, Les (1995)",1995-03-22,175,0,Drama|War,"In France during World War II, a poor and illiterate man, Henri Fortin (Jean-Paul Belmondo), is introduced to Victor Hugo's classic novel Les Misérables and begins to see parallels between the book and his own life.","In a time of chaos, in a world of change, he was moved by a book he could not read to become a hero he never imagined.",0.768531,0,Claude Lelouch,Jean-Paul Belmondo|Michel Boujenah|Alessandra Martines|Salomé Lelouch|Annie Girardot,paris|nun|boxer|lawyer|jewish
74,Bed of Roses (1996),1996-01-26,87,0,Drama|Romance,"The seeds of love are planted when Lisa, a high-powered investment banker, receives flowers from a secret admirer. But when his fairy-tale fantasies clash with her workaholic ways, they soon find out that sometimes, it's harder than it seems for love to conquer all.",He gave her flowers. She gave him a chance.,4.259563,19030691,Michael Goldenberg,Christian Slater|Mary Stuart Masterson|Pamela Adlon|Josh Brolin|Brian Tarantina,florist|family relationships
76,Screamers (1995),1995-09-08,108,20000000,Action|Sci-Fi|Thriller,"(SIRIUS 6B, Year 2078) On a distant mining planet ravaged by a decade of war, scientists have created the perfect weapon: a blade-wielding, self-replicating race of killing devices known as Screamers designed for one purpose only -- to hunt down and destroy all enemy life forms.",The last scream you hear will be your own.,7.603529,5781885,Christian Duguay,Peter Weller|Roy Dupuis|Jennifer Rubin|Andrew Lauer|Liliana Komorowska,man vs machine|alien planet|struggle for survival
77,Nico Icon (1995),1995-02-18,70,0,Documentary,"A look into the many lives of Christa Päffgen, otherwise known as Nico; from cutie German mädchen to the first of the supermodels, to glamorous diva of the Velvet Underground, to cult item, junkie and hag. Many faces for the same woman, whom, you realize, just couldn't bring herself to care enough to live.",,0.211369,0,Susanne Ofteringer,Nico|Tina Aumont|Jackson Browne|John Cale|Paul Morrissey,
78,"Crossing Guard, The (1995)",1995-11-15,111,0,Action|Crime|Drama|Thriller,"After his daughter died in a hit and run, Freddy Gale has waited six years for John Booth, the man responsible, to be released from prison. On the day of release, Gale visits Booth and announces that he will kill him in one week. Booth uses his time to try and make peace with himself and his entourage, and even finds romance. Gale, whose life is spiraling down because of his obsession towards Booth, will bring himself on the very edge of sanity. At he end of the week, both men will find themselves on a collision course with each other.","...some lives cross, others collide.",5.371987,0,Sean Penn,Jack Nicholson|David Morse|Anjelica Huston|Robin Wright|Piper Laurie,loss of loved one|hit-and-run|revenge|suspense|independent film|tragedy
79,"Juror, The (1996)",1996-02-02,118,44000000,Drama|Thriller,"With his gangster boss on trial for murder, a mob thug known as ""the Teacher"" tells Annie Laird she must talk her fellow jurors into a not-guilty verdict, implying that he'll kill her son Oliver if she fails. She manages to do this, but, when it becomes clear that the mobsters might want to silence her for good, she sends Oliver abroad and tries to gather evidence of the plot against her, setting up a final showdown.",There is no defense.,4.910671,0,Brian Gibson,Demi Moore|Alec Baldwin|Joseph Gordon-Levitt|Anne Heche|James Gandolfini,jurors|blackmail|court case|son|trial|courtroom
80,"White Balloon, The (Badkonake sefid) (1995)",1995-02-02,85,0,Children|Drama,Several people try to take advantage of a little girl's innocence to hustle money her mom gave to her to buy a goldfish with.,,1.513917,0,Jafar Panahi,Aida Mohammadkhani|Mohsen Kafili|Fereshteh Sadre Orafaiy|Anna Borkowska|Mohammad Shahani,fish|money|celebration|goldfish
81,Things to Do in Denver When You're Dead (1995),1995-12-01,116,8000000,Crime|Drama|Romance,A mafia film in Tarantino style with a star-studded cast. Jimmy’s “The Saint” gangster career has finally ended. Yet now he finds him self doing favors for a wise godfather known as “The Man with the Plan.”,Protect. Love. Honor. Avenge.,6.671817,529766,Gary Fleder,Andy García|Christopher Lloyd|William Forsythe|Bill Nunn|Treat Williams,bounty hunter|parent child relationship|boat|way of life|coffin|denver|godmother|paranoia|hitman|gangster|friendship|psychopath|revenge|murder|independent film|mafia|diner|blood|violence|illegal prostitution|extramarital affair
82,Antonia's Line (Antonia) (1995),1995-09-12,102,900000,Comedy|Drama,"After World War II, Antonia and her daughter, Danielle, go back to their Dutch hometown, where Antonia's late mother has bestowed a small farm upon her. There, Antonia settles down and joins a tightly-knit but unusual community. Those around her include quirky friend Crooked Finger, would-be suitor Bas and, eventually for Antonia, a granddaughter and great-granddaughter who help create a strong family of empowered women.",A motion picture that celebrates everything you love about life.,4.506539,0,Marleen Gorris,Willeke van Ammelrooy|Els Dottermans|Dora van der Groen|Veerle van Overloop|Esther Vriesendorp,suicide|underdog|free love|philosophy|rape|loss of loved one|mentally disabled|parent child relationship|village life|world war ii|feminism|indian summer |family history|widow|peasant|village|mathematics|freedom|right and justice|single|homosexuality|domestic violence|university|woman director
83,Once Upon a Time... When We Were Colored (1995),1996-01-26,115,0,Drama|Romance,"This film relates the story of a tightly connected Afro-American community informally called Colored Town where the inhabitants live and depend on each other in a world where racist oppression is everywhere, as told by a boy called Cliff who spent his childhood there. Despite this, we see the life of the community in all its joys and sorrows, of those that live there while others decide to leave for a better life north. For those remaining, things come to a serious situation when one prominent businessman is being muscled out by a white competitor using racist intimidation. In response, the community must make the decision of whether to submit meekly like they always have, or finally fight for their rights.",,1.008042,0,Tim Reid,"Al Freeman, Jr.|Phylicia Rashād|Paula Kelly|Salli Richardson-Whitfield",racial segregation|family relationships|rural setting|african american
84,Last Summer in the Hamptons (1995),1995-11-22,108,0,Comedy|Drama,"Filmed entirely on location in East Hampton, Long Island, ""Last Summer in the Hamptons"" concerns a large theatrical family spending the last weekend of their summer together at the decades-old family retreat which economic circumstances have forced them to put on the market. Victoria Foyt plays a young Hollywood actress whose visit wreaks havoc on the stellar group of family and friends - led by matriarch Viveca Lindfors and made up of an extraordinary mix of prominent New York actors, directors, and playwrights. In the course of a very unusual weekend, comic as well as serious situations arise, and the family's secrets - of which there are many - begin to unravel.",,0.00635,0,Henry Jaglom,Victoria Foyt|Viveca Lindfors|Jon Robin Baitz|Savannah Smith Boucher|Roscoe Lee Browne,
85,Angels and Insects (1995),1995-09-10,118,0,Drama|Romance,"In Victorian England, wealthy patriarch Sir Harald Alabaster invites an impoverished biologist, William Adamson, into his home. There, William tries to continue his work, but is distracted by Alabaster's seductive daughter, Eugenia. William and Eugenia begin a torrid romance, but as the couple become closer, the young scientist begins to realize that dark, disturbing things are happening behind the closed doors of the Alabaster manor.",An elegant seduction. An erotic deception. A stunning revelation.,2.171388,0,Philip Haas,Mark Rylance|Kristin Scott Thomas|Patsy Kensit|Jeremy Kemp|Douglas Henshall,insect|class society|rich woman poor man|victorian england|scientist|incest|based on short story|naturalist
86,White Squall (1996),1996-02-02,129,38000000,Action|Adventure|Drama,Teenage boys discover discipline and camaraderie on an ill-fated sailing voyage.,,6.4473,10300000,Ridley Scott,Jeff Bridges|Caroline Goodall|John Savage|Scott Wolf|Jeremy Sisto,sailing trip|diary|sailing|survival|coming of age|teenage boy|discipline|squall|sail|ship captain|caribbean|male bonding|seasickness|storm at sea|1960s
87,Dunston Checks In (1996),1996-01-12,88,16000000,Children|Comedy,"Hotel manager Robert Grant is forced by his boss to postpone his family vacation when a hotel critic checks in. Trouble is, the critic is really a villainous jewel thief with an orangutan assistant named Dunston. When Dunston gets loose and tries to escape a life of crime -- aided by Robert's sons -- havoc, hijinks and lots of laughs abound!",He's about to turn a Five Star Hotel into a three ring circus.,4.806037,0,Ken Kwapis,Jason Alexander|Faye Dunaway|Eric Lloyd|Rupert Everett|Graham Sack,boss|fistfight|bully|orangutan|hotel manager
88,Black Sheep (1996),1996-02-01,87,0,Comedy,"When dignified Albert Donnelly runs for Governor, his team moves to keep his slow-witted and klutzy younger brother, Mike, out of the eye of the media. To baby-sit Mike, the campaign assigns sarcastic Steve, who gets the experience of a lifetime when he tries to take Mike out of town during the election.",There's one in every family.,4.826386,32,Penelope Spheeris,Chris Farley|David Spade|Grant Heslov|Tim Matheson|Gary Busey,nitrous oxide|candid camera|double act|political satire|crooked politician|woman director
89,Nick of Time (1995),1995-11-22,90,8169363,Action|Thriller,"Gene Watson is a public accountant who arrives on a train at Union Station in Los Angeles, accompanied by his 6-year-old daughter Lynn. Because of his ordinary looks, he is approached by a pair of sinister people named Smith and Jones.",,7.200592,8175346,John Badham,Johnny Depp|Courtney Chase|Charles S. Dutton|Christopher Walken|Roma Maffia,assassination|train station|politics|los angeles
92,Mary Reilly (1996),1996-02-23,104,47000000,Drama|Horror|Thriller,"A housemaid falls in love with Dr. Jekyll and his darkly mysterious counterpart, Mr. Hyde.",The untold story of Jekyll and Hyde,5.547472,12379402,Stephen Frears,Julia Roberts|John Malkovich|George Cole|Michael Gambon|Glenn Close,servant|monster|laboratory|jekyll and hyde|housemaid|19th century
93,Vampire in Brooklyn (1995),1995-10-26,100,14000000,Comedy|Horror|Romance,"Maximillian, the lone survivor of a race of vampires, comes to Brooklyn in search of a way to live past the next full moon. His ticket to survival is Rita, a NYPD detective who doesn't know she's half vampire -- and Maximillian will do whatever's necessary to put her under his spell.",A comic tale of horror and seduction.,6.405186,19800000,Wes Craven,Eddie Murphy|Angela Bassett|Allen Payne|Kadeem Hardison|John Witherspoon,vampire|half vampire
94,Beautiful Girls (1996),1996-02-09,112,0,Comedy|Drama|Romance,"During a snowy winter in the small fictional town of Knight""s Ridge, Massachusetts, a group of lifelong buddies hang out, drink and struggle to connect with the women who affect their decisions, dreams and desires.","Good times never seemed so good,",9.120073,0,Ted Demme,Matt Dillon|Noah Emmerich|Annabeth Gish|Lauren Holly|Timothy Hutton,coming of age|hometown
95,Broken Arrow (1996),1996-02-09,108,50000000,Action|Adventure|Thriller,"When rogue stealth-fighter pilot Vic Deakins deliberately drops off the radar while on maneuvers, the Air Force ends up with two stolen nuclear warheads -- and Deakins's co-pilot, Riley Hale, is the military's only hope for getting them back. Traversing the deserted canyons of Utah, Hale teams with park ranger Terry Carmichael to put Deakins back in his box.",Prepare to Go Ballistic.,8.430079,150270147,John Woo,John Travolta|Christian Slater|Samantha Mathis|Delroy Lindo|Bob Gunton,helicopter|river|captain|underground|mexican standoff|countdown|pilot|fistfight|canyon|major|betrayal|gunfight|train|explosion|park ranger|desert|military|nuclear device|boxing|stealth aircraft|abandoned mine|humvee
96,In the Bleak Midwinter (1995),1995-12-01,99,0,Comedy|Drama,"Out of work actor Joe volunteers to help try and save his sister's local church for the community by putting on a Christmas production of Hamlet, somewhat against the advice of his agent Margaretta. As the cast he assembles are still available even at Christmas and are prepared to do it on a 'profit sharing' basis (that is, they may not get paid anything) he cannot expect - and does not get - the cream of the cream. But although they all bring their own problems and foibles along, something bigger starts to emerge in the perhaps aptly named village of Hope.",The drama. The passion. The intrigue... And the rehearsals haven't even started.,0.816334,0,Kenneth Branagh,Richard Briers|Joan Collins|Michael Maloney|Nicholas Farrell|Jennifer Saunders,play|hamlet|christmas|actor
97,"Hate (Haine, La) (1995)",1995-05-31,98,3000000,Crime|Drama,"Aimlessly whiling away their days in the concrete environs of their dead-end suburbia, Vinz, Hubert, and Said -- a Jew, African, and an Arab -- give human faces to France's immigrant populations, their bristling resentment at their social marginalization slowly simmering until it reaches a climactic boiling point. La Haine means Hate.",Three Young Friends... One Last Chance.,9.039747,0,Mathieu Kassovitz,Vincent Cassel|Hubert Koundé|Saïd Taghmaoui|Abdel Ahmed Ghili|Souleymane Dicko,paris|neo-nazi|skinhead|robbery|police brutality|hip-hop|gun|socially deprived family|breakdance|arabian|boredom|revenge|suburb|violence|police officer|unemployment|capture|xenophobia
98,Shopping (1994),1994-12-06,105,0,Action|Thriller,"A dark, hip, urban story of a barren and anonymous city where the underclass' sport of choice is ram-raiding. An exciting game in which stolen cars are driven through shop windows to aid large-scale looting before the police arrive. For Tommy, it's a business, but for Billy and Jo, it's a labour of love. As the competition between Tommy and Billy grows more fierce, the stakes become higher and the ""shopping"" trips increasingly risky.",No one leaves without paying...,1.016221,0,Paul W.S. Anderson,Sadie Frost|Jude Law|Sean Pertwee|Fraser James|Sean Bean,
99,Heidi Fleiss: Hollywood Madam (1995),1995-12-27,106,0,Documentary,"A documentary crew from the BBC arrives in L.A. intent on interviewing Heidi Fleiss, a year after her arrest for running a brothel but before her trial. Several months elapse before the interview, so the crew searches for anyone who'll talk about the young woman. Two people have a lot to say to the camera: a retired madam named Alex for whom Fleiss once worked and Fleiss's one-time boyfriend, Ivan Nagy, who introduced her to Alex. Alex and Nagy don't like each other, so the crew shuttles between them with ""she said"" and ""he said."" When they finally interview Fleiss, they spend their time reciting what Alex and Nagy have had to say and asking her reaction.",   ,0.483176,0,Nick Broomfield,Nick Broomfield|Heidi Fleiss|Madam Alex|Ivan Nagy|Corinne Bohrer,narration|hollywood|prostitution
100,City Hall (1996),1996-02-16,111,0,Drama|Thriller,"The accidental shooting of a boy in New York leads to an investigation by the Deputy Mayor, and unexpectedly far-reaching consequences.",It started with a shootout on a rainswept street and ended in a scandal that shattered New York.,5.208898,0,Harold Becker,Al Pacino|John Cusack|Bridget Fonda|Danny Aiello|Martin Landau,corruption|undercover|war on drugs|mayor|drug dealer|presidential election|undercover agent|investigation|police|drugs
